
2025-12-05 06:27:55 | INFO  | com.tcs.boot.FirstRestApplication | Starting FirstRestApplication using Java 17.0.13 with PID 718529 (/home/labuser/Documents/workspace-spring-tools-for-eclipse-4.32.1.RELEASE/first-rest-aop/target/classes started by labuser in /home/labuser/Documents/workspace-spring-tools-for-eclipse-4.32.1.RELEASE/first-rest-aop)
2025-12-05 06:27:55 | INFO  | com.tcs.boot.FirstRestApplication | No active profile set, falling back to 1 default profile: "default"
2025-12-05 06:27:56 | INFO  | org.springframework.boot.devtools.env.DevToolsPropertyDefaultsPostProcessor | Devtools property defaults active! Set 'spring.devtools.add-properties' to 'false' to disable
2025-12-05 06:27:56 | INFO  | org.springframework.boot.devtools.env.DevToolsPropertyDefaultsPostProcessor | For additional web related logging consider setting the 'logging.level.web' property to 'DEBUG'
2025-12-05 06:27:59 | INFO  | org.springframework.data.repository.config.RepositoryConfigurationDelegate | Bootstrapping Spring Data JPA repositories in DEFAULT mode.
2025-12-05 06:27:59 | INFO  | org.springframework.data.repository.config.RepositoryConfigurationDelegate | Finished Spring Data repository scanning in 261 ms. Found 1 JPA repository interface.
2025-12-05 06:28:03 | INFO  | org.springframework.boot.tomcat.TomcatWebServer | Tomcat initialized with port 8090 (http)
2025-12-05 06:28:03 | INFO  | org.apache.catalina.core.StandardService | Starting service [Tomcat]
2025-12-05 06:28:03 | INFO  | org.apache.catalina.core.StandardEngine | Starting Servlet engine: [Apache Tomcat/11.0.14]
2025-12-05 06:28:03 | INFO  | org.springframework.boot.web.context.servlet.WebApplicationContextInitializer | Root WebApplicationContext: initialization completed in 7422 ms
2025-12-05 06:28:04 | INFO  | com.zaxxer.hikari.HikariDataSource | HikariPool-1 - Starting...
2025-12-05 06:28:05 | INFO  | com.zaxxer.hikari.pool.HikariPool | HikariPool-1 - Added connection conn0: url=jdbc:h2:mem:d6179066-595c-4aff-8518-05cc6d38fcab user=SA
2025-12-05 06:28:05 | INFO  | com.zaxxer.hikari.HikariDataSource | HikariPool-1 - Start completed.
2025-12-05 06:28:05 | INFO  | org.hibernate.jpa.internal.util.LogHelper | HHH000204: Processing PersistenceUnitInfo [name: default]
2025-12-05 06:28:06 | INFO  | org.hibernate.Version | HHH000412: Hibernate ORM core version 7.1.8.Final
2025-12-05 06:28:10 | INFO  | org.springframework.orm.jpa.persistenceunit.SpringPersistenceUnitInfo | No LoadTimeWeaver setup: ignoring JPA class transformer
2025-12-05 06:28:11 | INFO  | org.hibernate.orm.connections.pooling | HHH10001005: Database info:
	Database JDBC URL [jdbc:h2:mem:d6179066-595c-4aff-8518-05cc6d38fcab]
	Database driver: H2 JDBC Driver
	Database dialect: H2Dialect
	Database version: 2.4.240
	Default catalog/schema: D6179066-595C-4AFF-8518-05CC6D38FCAB/PUBLIC
	Autocommit mode: undefined/unknown
	Isolation level: READ_COMMITTED [default READ_COMMITTED]
	JDBC fetch size: 100
	Pool: DatasourceConnectionProviderImpl
	Minimum pool size: undefined/unknown
	Maximum pool size: undefined/unknown
2025-12-05 06:28:16 | INFO  | org.hibernate.engine.transaction.jta.platform.internal.JtaPlatformInitiator | HHH000489: No JTA platform available (set 'hibernate.transaction.jta.platform' to enable JTA platform integration)
2025-12-05 06:28:16 | INFO  | org.springframework.orm.jpa.LocalContainerEntityManagerFactoryBean | Initialized JPA EntityManagerFactory for persistence unit 'default'
2025-12-05 06:28:16 | INFO  | org.springframework.data.jpa.repository.query.QueryEnhancerFactories | Hibernate is in classpath; If applicable, HQL parser will be used.
2025-12-05 06:28:17 | WARN  | org.springframework.boot.jpa.autoconfigure.JpaBaseConfiguration$JpaWebConfiguration | spring.jpa.open-in-view is enabled by default. Therefore, database queries may be performed during view rendering. Explicitly configure spring.jpa.open-in-view to disable this warning
2025-12-05 06:28:18 | WARN  | org.springframework.boot.web.server.servlet.context.AnnotationConfigServletWebServerApplicationContext | Exception encountered during context initialization - cancelling refresh attempt: org.springframework.context.ApplicationContextException: Failed to start bean 'webServerStartStop'
2025-12-05 06:28:18 | INFO  | org.springframework.orm.jpa.LocalContainerEntityManagerFactoryBean | Closing JPA EntityManagerFactory for persistence unit 'default'
2025-12-05 06:28:18 | WARN  | org.springframework.beans.factory.support.DisposableBeanAdapter | Invocation of destroy method failed on bean with name 'inMemoryDatabaseShutdownExecutor': org.h2.jdbc.JdbcSQLNonTransientConnectionException: Database is already closed (to disable automatic closing at VM shutdown, add ";DB_CLOSE_ON_EXIT=FALSE" to the db URL) [90121-240]
2025-12-05 06:28:18 | INFO  | com.zaxxer.hikari.HikariDataSource | HikariPool-1 - Shutdown initiated...
2025-12-05 06:28:18 | INFO  | com.zaxxer.hikari.HikariDataSource | HikariPool-1 - Shutdown completed.
2025-12-05 06:28:18 | INFO  | org.springframework.boot.autoconfigure.logging.ConditionEvaluationReportLogger | 

Error starting ApplicationContext. To display the condition evaluation report re-run your application with 'debug' enabled.
2025-12-05 06:28:18 | ERROR | org.springframework.boot.diagnostics.LoggingFailureAnalysisReporter | 

***************************
APPLICATION FAILED TO START
***************************

Description:

Web server failed to start. Port 8090 was already in use.

Action:

Identify and stop the process that's listening on port 8090 or configure this application to listen on another port.

2025-12-05 06:29:00 | INFO  | com.tcs.boot.FirstRestApplication | Starting FirstRestApplication using Java 17.0.13 with PID 723348 (/home/labuser/Documents/workspace-spring-tools-for-eclipse-4.32.1.RELEASE/first-rest-aop/target/classes started by labuser in /home/labuser/Documents/workspace-spring-tools-for-eclipse-4.32.1.RELEASE/first-rest-aop)
2025-12-05 06:29:00 | INFO  | com.tcs.boot.FirstRestApplication | No active profile set, falling back to 1 default profile: "default"
2025-12-05 06:29:00 | INFO  | org.springframework.boot.devtools.env.DevToolsPropertyDefaultsPostProcessor | Devtools property defaults active! Set 'spring.devtools.add-properties' to 'false' to disable
2025-12-05 06:29:00 | INFO  | org.springframework.boot.devtools.env.DevToolsPropertyDefaultsPostProcessor | For additional web related logging consider setting the 'logging.level.web' property to 'DEBUG'
2025-12-05 06:29:01 | INFO  | org.springframework.data.repository.config.RepositoryConfigurationDelegate | Bootstrapping Spring Data JPA repositories in DEFAULT mode.
2025-12-05 06:29:01 | INFO  | org.springframework.data.repository.config.RepositoryConfigurationDelegate | Finished Spring Data repository scanning in 90 ms. Found 1 JPA repository interface.
2025-12-05 06:29:02 | INFO  | org.springframework.boot.tomcat.TomcatWebServer | Tomcat initialized with port 8090 (http)
2025-12-05 06:29:02 | INFO  | org.apache.catalina.core.StandardService | Starting service [Tomcat]
2025-12-05 06:29:02 | INFO  | org.apache.catalina.core.StandardEngine | Starting Servlet engine: [Apache Tomcat/11.0.14]
2025-12-05 06:29:02 | INFO  | org.springframework.boot.web.context.servlet.WebApplicationContextInitializer | Root WebApplicationContext: initialization completed in 1790 ms
2025-12-05 06:29:02 | INFO  | com.zaxxer.hikari.HikariDataSource | HikariPool-1 - Starting...
2025-12-05 06:29:03 | INFO  | com.zaxxer.hikari.pool.HikariPool | HikariPool-1 - Added connection conn0: url=jdbc:h2:mem:259112f3-5b18-4f90-a359-2601669cd597 user=SA
2025-12-05 06:29:03 | INFO  | com.zaxxer.hikari.HikariDataSource | HikariPool-1 - Start completed.
2025-12-05 06:29:03 | INFO  | org.hibernate.jpa.internal.util.LogHelper | HHH000204: Processing PersistenceUnitInfo [name: default]
2025-12-05 06:29:03 | INFO  | org.hibernate.Version | HHH000412: Hibernate ORM core version 7.1.8.Final
2025-12-05 06:29:03 | INFO  | org.springframework.orm.jpa.persistenceunit.SpringPersistenceUnitInfo | No LoadTimeWeaver setup: ignoring JPA class transformer
2025-12-05 06:29:04 | INFO  | org.hibernate.orm.connections.pooling | HHH10001005: Database info:
	Database JDBC URL [jdbc:h2:mem:259112f3-5b18-4f90-a359-2601669cd597]
	Database driver: H2 JDBC Driver
	Database dialect: H2Dialect
	Database version: 2.4.240
	Default catalog/schema: 259112F3-5B18-4F90-A359-2601669CD597/PUBLIC
	Autocommit mode: undefined/unknown
	Isolation level: READ_COMMITTED [default READ_COMMITTED]
	JDBC fetch size: 100
	Pool: DatasourceConnectionProviderImpl
	Minimum pool size: undefined/unknown
	Maximum pool size: undefined/unknown
2025-12-05 06:29:05 | INFO  | org.hibernate.engine.transaction.jta.platform.internal.JtaPlatformInitiator | HHH000489: No JTA platform available (set 'hibernate.transaction.jta.platform' to enable JTA platform integration)
2025-12-05 06:29:05 | INFO  | org.springframework.orm.jpa.LocalContainerEntityManagerFactoryBean | Initialized JPA EntityManagerFactory for persistence unit 'default'
2025-12-05 06:29:05 | INFO  | org.springframework.data.jpa.repository.query.QueryEnhancerFactories | Hibernate is in classpath; If applicable, HQL parser will be used.
2025-12-05 06:29:05 | WARN  | org.springframework.boot.jpa.autoconfigure.JpaBaseConfiguration$JpaWebConfiguration | spring.jpa.open-in-view is enabled by default. Therefore, database queries may be performed during view rendering. Explicitly configure spring.jpa.open-in-view to disable this warning
2025-12-05 06:29:06 | WARN  | org.springframework.boot.web.server.servlet.context.AnnotationConfigServletWebServerApplicationContext | Exception encountered during context initialization - cancelling refresh attempt: org.springframework.context.ApplicationContextException: Failed to start bean 'webServerStartStop'
2025-12-05 06:29:06 | INFO  | org.springframework.orm.jpa.LocalContainerEntityManagerFactoryBean | Closing JPA EntityManagerFactory for persistence unit 'default'
2025-12-05 06:29:06 | WARN  | org.springframework.beans.factory.support.DisposableBeanAdapter | Invocation of destroy method failed on bean with name 'inMemoryDatabaseShutdownExecutor': org.h2.jdbc.JdbcSQLNonTransientConnectionException: Database is already closed (to disable automatic closing at VM shutdown, add ";DB_CLOSE_ON_EXIT=FALSE" to the db URL) [90121-240]
2025-12-05 06:29:06 | INFO  | com.zaxxer.hikari.HikariDataSource | HikariPool-1 - Shutdown initiated...
2025-12-05 06:29:06 | INFO  | com.zaxxer.hikari.HikariDataSource | HikariPool-1 - Shutdown completed.
2025-12-05 06:29:06 | INFO  | org.springframework.boot.autoconfigure.logging.ConditionEvaluationReportLogger | 

Error starting ApplicationContext. To display the condition evaluation report re-run your application with 'debug' enabled.
2025-12-05 06:29:06 | ERROR | org.springframework.boot.diagnostics.LoggingFailureAnalysisReporter | 

***************************
APPLICATION FAILED TO START
***************************

Description:

Web server failed to start. Port 8090 was already in use.

Action:

Identify and stop the process that's listening on port 8090 or configure this application to listen on another port.

2025-12-05 06:32:22 | INFO  | com.tcs.boot.FirstRestApplication | Starting FirstRestApplication using Java 17.0.13 with PID 737861 (/home/labuser/Documents/workspace-spring-tools-for-eclipse-4.32.1.RELEASE/first-rest-aop/target/classes started by labuser in /home/labuser/Documents/workspace-spring-tools-for-eclipse-4.32.1.RELEASE/first-rest-aop)
2025-12-05 06:32:22 | INFO  | com.tcs.boot.FirstRestApplication | No active profile set, falling back to 1 default profile: "default"
2025-12-05 06:32:22 | INFO  | org.springframework.boot.devtools.env.DevToolsPropertyDefaultsPostProcessor | Devtools property defaults active! Set 'spring.devtools.add-properties' to 'false' to disable
2025-12-05 06:32:22 | INFO  | org.springframework.boot.devtools.env.DevToolsPropertyDefaultsPostProcessor | For additional web related logging consider setting the 'logging.level.web' property to 'DEBUG'
2025-12-05 06:32:24 | INFO  | org.springframework.data.repository.config.RepositoryConfigurationDelegate | Bootstrapping Spring Data JPA repositories in DEFAULT mode.
2025-12-05 06:32:24 | INFO  | org.springframework.data.repository.config.RepositoryConfigurationDelegate | Finished Spring Data repository scanning in 112 ms. Found 1 JPA repository interface.
2025-12-05 06:32:25 | INFO  | org.springframework.boot.tomcat.TomcatWebServer | Tomcat initialized with port 8090 (http)
2025-12-05 06:32:25 | INFO  | org.apache.catalina.core.StandardService | Starting service [Tomcat]
2025-12-05 06:32:25 | INFO  | org.apache.catalina.core.StandardEngine | Starting Servlet engine: [Apache Tomcat/11.0.14]
2025-12-05 06:32:25 | INFO  | org.springframework.boot.web.context.servlet.WebApplicationContextInitializer | Root WebApplicationContext: initialization completed in 2308 ms
2025-12-05 06:32:25 | INFO  | com.zaxxer.hikari.HikariDataSource | HikariPool-1 - Starting...
2025-12-05 06:32:25 | INFO  | com.zaxxer.hikari.pool.HikariPool | HikariPool-1 - Added connection conn0: url=jdbc:h2:mem:cebbce1a-0008-471d-97ba-3a07ba00044e user=SA
2025-12-05 06:32:25 | INFO  | com.zaxxer.hikari.HikariDataSource | HikariPool-1 - Start completed.
2025-12-05 06:32:25 | INFO  | org.hibernate.jpa.internal.util.LogHelper | HHH000204: Processing PersistenceUnitInfo [name: default]
2025-12-05 06:32:25 | INFO  | org.hibernate.Version | HHH000412: Hibernate ORM core version 7.1.8.Final
2025-12-05 06:32:26 | INFO  | org.springframework.orm.jpa.persistenceunit.SpringPersistenceUnitInfo | No LoadTimeWeaver setup: ignoring JPA class transformer
2025-12-05 06:32:26 | INFO  | org.hibernate.orm.connections.pooling | HHH10001005: Database info:
	Database JDBC URL [jdbc:h2:mem:cebbce1a-0008-471d-97ba-3a07ba00044e]
	Database driver: H2 JDBC Driver
	Database dialect: H2Dialect
	Database version: 2.4.240
	Default catalog/schema: CEBBCE1A-0008-471D-97BA-3A07BA00044E/PUBLIC
	Autocommit mode: undefined/unknown
	Isolation level: READ_COMMITTED [default READ_COMMITTED]
	JDBC fetch size: 100
	Pool: DatasourceConnectionProviderImpl
	Minimum pool size: undefined/unknown
	Maximum pool size: undefined/unknown
2025-12-05 06:32:27 | INFO  | org.hibernate.engine.transaction.jta.platform.internal.JtaPlatformInitiator | HHH000489: No JTA platform available (set 'hibernate.transaction.jta.platform' to enable JTA platform integration)
2025-12-05 06:32:27 | INFO  | org.springframework.orm.jpa.LocalContainerEntityManagerFactoryBean | Initialized JPA EntityManagerFactory for persistence unit 'default'
2025-12-05 06:32:27 | INFO  | org.springframework.data.jpa.repository.query.QueryEnhancerFactories | Hibernate is in classpath; If applicable, HQL parser will be used.
2025-12-05 06:32:27 | WARN  | org.springframework.boot.jpa.autoconfigure.JpaBaseConfiguration$JpaWebConfiguration | spring.jpa.open-in-view is enabled by default. Therefore, database queries may be performed during view rendering. Explicitly configure spring.jpa.open-in-view to disable this warning
2025-12-05 06:32:28 | INFO  | org.springframework.boot.tomcat.TomcatWebServer | Tomcat started on port 8090 (http) with context path '/'
2025-12-05 06:32:28 | INFO  | com.tcs.boot.FirstRestApplication | Started FirstRestApplication in 6.243 seconds (process running for 7.479)
2025-12-05 06:32:51 | INFO  | org.springframework.boot.devtools.autoconfigure.LocalDevToolsAutoConfiguration$RestartingClassPathChangeChangedEventListener | Restarting due to 1 class path change (0 additions, 0 deletions, 1 modification)
2025-12-05 06:32:51 | INFO  | org.springframework.boot.tomcat.GracefulShutdown | Commencing graceful shutdown. Waiting for active requests to complete
2025-12-05 06:32:51 | INFO  | org.springframework.boot.tomcat.GracefulShutdown | Graceful shutdown complete
2025-12-05 06:32:51 | INFO  | org.springframework.orm.jpa.LocalContainerEntityManagerFactoryBean | Closing JPA EntityManagerFactory for persistence unit 'default'
2025-12-05 06:32:51 | WARN  | org.springframework.beans.factory.support.DisposableBeanAdapter | Invocation of destroy method failed on bean with name 'inMemoryDatabaseShutdownExecutor': org.h2.jdbc.JdbcSQLNonTransientConnectionException: Database is already closed (to disable automatic closing at VM shutdown, add ";DB_CLOSE_ON_EXIT=FALSE" to the db URL) [90121-240]
2025-12-05 06:32:51 | INFO  | com.zaxxer.hikari.HikariDataSource | HikariPool-1 - Shutdown initiated...
2025-12-05 06:32:51 | INFO  | com.zaxxer.hikari.HikariDataSource | HikariPool-1 - Shutdown completed.
2025-12-05 06:32:51 | INFO  | com.tcs.boot.FirstRestApplication | Starting FirstRestApplication using Java 17.0.13 with PID 737861 (/home/labuser/Documents/workspace-spring-tools-for-eclipse-4.32.1.RELEASE/first-rest-aop/target/classes started by labuser in /home/labuser/Documents/workspace-spring-tools-for-eclipse-4.32.1.RELEASE/first-rest-aop)
2025-12-05 06:32:51 | INFO  | com.tcs.boot.FirstRestApplication | The following 1 profile is active: "prod"
2025-12-05 06:32:52 | INFO  | org.springframework.data.repository.config.RepositoryConfigurationDelegate | Bootstrapping Spring Data JPA repositories in DEFAULT mode.
2025-12-05 06:32:52 | INFO  | org.springframework.data.repository.config.RepositoryConfigurationDelegate | Finished Spring Data repository scanning in 18 ms. Found 1 JPA repository interface.
2025-12-05 06:32:52 | INFO  | org.springframework.boot.tomcat.TomcatWebServer | Tomcat initialized with port 8088 (http)
2025-12-05 06:32:52 | INFO  | org.apache.catalina.core.StandardService | Starting service [Tomcat]
2025-12-05 06:32:52 | INFO  | org.apache.catalina.core.StandardEngine | Starting Servlet engine: [Apache Tomcat/11.0.14]
2025-12-05 06:32:52 | INFO  | org.springframework.boot.web.context.servlet.WebApplicationContextInitializer | Root WebApplicationContext: initialization completed in 487 ms
2025-12-05 06:32:52 | INFO  | org.hibernate.jpa.internal.util.LogHelper | HHH000204: Processing PersistenceUnitInfo [name: default]
2025-12-05 06:32:52 | INFO  | org.springframework.orm.jpa.persistenceunit.SpringPersistenceUnitInfo | No LoadTimeWeaver setup: ignoring JPA class transformer
2025-12-05 06:32:52 | INFO  | com.zaxxer.hikari.HikariDataSource | HikariPool-2 - Starting...
2025-12-05 06:32:54 | WARN  | org.hibernate.orm.jdbc.error | HHH000247: ErrorCode: 1045, SQLState: 28000
2025-12-05 06:32:54 | WARN  | org.hibernate.orm.jdbc.error | Access denied for user '${env_username}'@'localhost' (using password: YES)
2025-12-05 06:32:54 | WARN  | org.hibernate.engine.jdbc.env.internal.JdbcEnvironmentInitiator | HHH000342: Could not obtain connection to query JDBC database metadataorg.hibernate.exception.AuthException: Unable to obtain isolated JDBC connection [Access denied for user '${env_username}'@'localhost' (using password: YES)] [n/a]
	at org.hibernate.exception.internal.SQLStateConversionDelegate.convert(SQLStateConversionDelegate.java:87) ~[hibernate-core-7.1.8.Final.jar:7.1.8.Final]
	at org.hibernate.exception.internal.StandardSQLExceptionConverter.convert(StandardSQLExceptionConverter.java:34) ~[hibernate-core-7.1.8.Final.jar:7.1.8.Final]
	at org.hibernate.engine.jdbc.spi.SqlExceptionHelper.convert(SqlExceptionHelper.java:115) ~[hibernate-core-7.1.8.Final.jar:7.1.8.Final]
	at org.hibernate.engine.jdbc.spi.SqlExceptionHelper.convert(SqlExceptionHelper.java:101) ~[hibernate-core-7.1.8.Final.jar:7.1.8.Final]
	at org.hibernate.resource.transaction.backend.jdbc.internal.JdbcIsolationDelegate.delegateWork(JdbcIsolationDelegate.java:51) ~[hibernate-core-7.1.8.Final.jar:7.1.8.Final]
	at org.hibernate.engine.jdbc.env.internal.JdbcEnvironmentInitiator.getJdbcEnvironmentUsingJdbcMetadata(JdbcEnvironmentInitiator.java:355) ~[hibernate-core-7.1.8.Final.jar:7.1.8.Final]
	at org.hibernate.engine.jdbc.env.internal.JdbcEnvironmentInitiator.getJdbcEnvironment(JdbcEnvironmentInitiator.java:149) ~[hibernate-core-7.1.8.Final.jar:7.1.8.Final]
	at org.hibernate.engine.jdbc.env.internal.JdbcEnvironmentInitiator.initiateService(JdbcEnvironmentInitiator.java:127) ~[hibernate-core-7.1.8.Final.jar:7.1.8.Final]
	at org.hibernate.engine.jdbc.env.internal.JdbcEnvironmentInitiator.initiateService(JdbcEnvironmentInitiator.java:82) ~[hibernate-core-7.1.8.Final.jar:7.1.8.Final]
	at org.hibernate.boot.registry.internal.StandardServiceRegistryImpl.initiateService(StandardServiceRegistryImpl.java:133) ~[hibernate-core-7.1.8.Final.jar:7.1.8.Final]
	at org.hibernate.service.internal.AbstractServiceRegistryImpl.createService(AbstractServiceRegistryImpl.java:262) ~[hibernate-core-7.1.8.Final.jar:7.1.8.Final]
	at org.hibernate.service.internal.AbstractServiceRegistryImpl.initializeService(AbstractServiceRegistryImpl.java:237) ~[hibernate-core-7.1.8.Final.jar:7.1.8.Final]
	at org.hibernate.service.internal.AbstractServiceRegistryImpl.getService(AbstractServiceRegistryImpl.java:214) ~[hibernate-core-7.1.8.Final.jar:7.1.8.Final]
	at org.hibernate.boot.model.relational.Database.<init>(Database.java:44) ~[hibernate-core-7.1.8.Final.jar:7.1.8.Final]
	at org.hibernate.boot.internal.InFlightMetadataCollectorImpl.getDatabase(InFlightMetadataCollectorImpl.java:255) ~[hibernate-core-7.1.8.Final.jar:7.1.8.Final]
	at org.hibernate.boot.internal.InFlightMetadataCollectorImpl.<init>(InFlightMetadataCollectorImpl.java:207) ~[hibernate-core-7.1.8.Final.jar:7.1.8.Final]
	at org.hibernate.boot.model.process.spi.MetadataBuildingProcess.complete(MetadataBuildingProcess.java:185) ~[hibernate-core-7.1.8.Final.jar:7.1.8.Final]
	at org.hibernate.jpa.boot.internal.EntityManagerFactoryBuilderImpl.metadata(EntityManagerFactoryBuilderImpl.java:1395) ~[hibernate-core-7.1.8.Final.jar:7.1.8.Final]
	at org.hibernate.jpa.boot.internal.EntityManagerFactoryBuilderImpl.populateSessionFactoryBuilder(EntityManagerFactoryBuilderImpl.java:1475) ~[hibernate-core-7.1.8.Final.jar:7.1.8.Final]
	at org.hibernate.jpa.boot.internal.EntityManagerFactoryBuilderImpl.build(EntityManagerFactoryBuilderImpl.java:1457) ~[hibernate-core-7.1.8.Final.jar:7.1.8.Final]
	at org.springframework.orm.jpa.vendor.SpringHibernateJpaPersistenceProvider.createContainerEntityManagerFactory(SpringHibernateJpaPersistenceProvider.java:66) ~[spring-orm-7.0.1.jar:7.0.1]
	at org.springframework.orm.jpa.LocalContainerEntityManagerFactoryBean.createNativeEntityManagerFactory(LocalContainerEntityManagerFactoryBean.java:433) ~[spring-orm-7.0.1.jar:7.0.1]
	at org.springframework.orm.jpa.AbstractEntityManagerFactoryBean.buildNativeEntityManagerFactory(AbstractEntityManagerFactoryBean.java:416) ~[spring-orm-7.0.1.jar:7.0.1]
	at org.springframework.orm.jpa.AbstractEntityManagerFactoryBean.afterPropertiesSet(AbstractEntityManagerFactoryBean.java:396) ~[spring-orm-7.0.1.jar:7.0.1]
	at org.springframework.orm.jpa.LocalContainerEntityManagerFactoryBean.afterPropertiesSet(LocalContainerEntityManagerFactoryBean.java:409) ~[spring-orm-7.0.1.jar:7.0.1]
	at org.springframework.beans.factory.support.AbstractAutowireCapableBeanFactory.invokeInitMethods(AbstractAutowireCapableBeanFactory.java:1864) ~[spring-beans-7.0.1.jar:7.0.1]
	at org.springframework.beans.factory.support.AbstractAutowireCapableBeanFactory.initializeBean(AbstractAutowireCapableBeanFactory.java:1813) ~[spring-beans-7.0.1.jar:7.0.1]
	at org.springframework.beans.factory.support.AbstractAutowireCapableBeanFactory.doCreateBean(AbstractAutowireCapableBeanFactory.java:603) ~[spring-beans-7.0.1.jar:7.0.1]
	at org.springframework.beans.factory.support.AbstractAutowireCapableBeanFactory.createBean(AbstractAutowireCapableBeanFactory.java:525) ~[spring-beans-7.0.1.jar:7.0.1]
	at org.springframework.beans.factory.support.AbstractBeanFactory.lambda$doGetBean$0(AbstractBeanFactory.java:333) ~[spring-beans-7.0.1.jar:7.0.1]
	at org.springframework.beans.factory.support.DefaultSingletonBeanRegistry.getSingleton(DefaultSingletonBeanRegistry.java:371) ~[spring-beans-7.0.1.jar:7.0.1]
	at org.springframework.beans.factory.support.AbstractBeanFactory.doGetBean(AbstractBeanFactory.java:331) ~[spring-beans-7.0.1.jar:7.0.1]
	at org.springframework.beans.factory.support.AbstractBeanFactory.getBean(AbstractBeanFactory.java:201) ~[spring-beans-7.0.1.jar:7.0.1]
	at org.springframework.context.support.AbstractApplicationContext.finishBeanFactoryInitialization(AbstractApplicationContext.java:966) ~[spring-context-7.0.1.jar:7.0.1]
	at org.springframework.context.support.AbstractApplicationContext.refresh(AbstractApplicationContext.java:620) ~[spring-context-7.0.1.jar:7.0.1]
	at org.springframework.boot.web.server.servlet.context.ServletWebServerApplicationContext.refresh(ServletWebServerApplicationContext.java:143) ~[spring-boot-web-server-4.0.0.jar:4.0.0]
	at org.springframework.boot.SpringApplication.refresh(SpringApplication.java:765) ~[spring-boot-4.0.0.jar:4.0.0]
	at org.springframework.boot.SpringApplication.refreshContext(SpringApplication.java:454) ~[spring-boot-4.0.0.jar:4.0.0]
	at org.springframework.boot.SpringApplication.run(SpringApplication.java:321) ~[spring-boot-4.0.0.jar:4.0.0]
	at org.springframework.boot.SpringApplication.run(SpringApplication.java:1374) ~[spring-boot-4.0.0.jar:4.0.0]
	at org.springframework.boot.SpringApplication.run(SpringApplication.java:1363) ~[spring-boot-4.0.0.jar:4.0.0]
	at com.tcs.boot.FirstRestApplication.main(FirstRestApplication.java:10) ~[classes/:na]
	at java.base/jdk.internal.reflect.NativeMethodAccessorImpl.invoke0(Native Method) ~[na:na]
	at java.base/jdk.internal.reflect.NativeMethodAccessorImpl.invoke(NativeMethodAccessorImpl.java:77) ~[na:na]
	at java.base/jdk.internal.reflect.DelegatingMethodAccessorImpl.invoke(DelegatingMethodAccessorImpl.java:43) ~[na:na]
	at java.base/java.lang.reflect.Method.invoke(Method.java:569) ~[na:na]
	at org.springframework.boot.devtools.restart.RestartLauncher.run(RestartLauncher.java:52) ~[spring-boot-devtools-4.0.0.jar:4.0.0]
Caused by: java.sql.SQLException: Access denied for user '${env_username}'@'localhost' (using password: YES)
	at com.mysql.cj.jdbc.exceptions.SQLError.createSQLException(SQLError.java:121) ~[mysql-connector-j-9.5.0.jar:9.5.0]
	at com.mysql.cj.jdbc.exceptions.SQLExceptionsMapping.translateException(SQLExceptionsMapping.java:114) ~[mysql-connector-j-9.5.0.jar:9.5.0]
	at com.mysql.cj.jdbc.ConnectionImpl.createNewIO(ConnectionImpl.java:840) ~[mysql-connector-j-9.5.0.jar:9.5.0]
	at com.mysql.cj.jdbc.ConnectionImpl.<init>(ConnectionImpl.java:416) ~[mysql-connector-j-9.5.0.jar:9.5.0]
	at com.mysql.cj.jdbc.ConnectionImpl.getInstance(ConnectionImpl.java:237) ~[mysql-connector-j-9.5.0.jar:9.5.0]
	at com.mysql.cj.jdbc.NonRegisteringDriver.connect(NonRegisteringDriver.java:180) ~[mysql-connector-j-9.5.0.jar:9.5.0]
	at com.zaxxer.hikari.util.DriverDataSource.getConnection(DriverDataSource.java:144) ~[HikariCP-7.0.2.jar:na]
	at com.zaxxer.hikari.pool.PoolBase.newConnection(PoolBase.java:373) ~[HikariCP-7.0.2.jar:na]
	at com.zaxxer.hikari.pool.PoolBase.newPoolEntry(PoolBase.java:210) ~[HikariCP-7.0.2.jar:na]
	at com.zaxxer.hikari.pool.HikariPool.createPoolEntry(HikariPool.java:488) ~[HikariCP-7.0.2.jar:na]
	at com.zaxxer.hikari.pool.HikariPool.checkFailFast(HikariPool.java:576) ~[HikariCP-7.0.2.jar:na]
	at com.zaxxer.hikari.pool.HikariPool.<init>(HikariPool.java:97) ~[HikariCP-7.0.2.jar:na]
	at com.zaxxer.hikari.HikariDataSource.getConnection(HikariDataSource.java:111) ~[HikariCP-7.0.2.jar:na]
	at org.hibernate.engine.jdbc.connections.internal.DatasourceConnectionProviderImpl.getConnection(DatasourceConnectionProviderImpl.java:138) ~[hibernate-core-7.1.8.Final.jar:7.1.8.Final]
	at org.hibernate.engine.jdbc.env.internal.JdbcEnvironmentInitiator$ConnectionProviderJdbcConnectionAccess.obtainConnection(JdbcEnvironmentInitiator.java:499) ~[hibernate-core-7.1.8.Final.jar:7.1.8.Final]
	at org.hibernate.resource.transaction.backend.jdbc.internal.JdbcIsolationDelegate.delegateWork(JdbcIsolationDelegate.java:48) ~[hibernate-core-7.1.8.Final.jar:7.1.8.Final]
	... 42 common frames omitted

2025-12-05 06:32:54 | ERROR | org.springframework.orm.jpa.LocalContainerEntityManagerFactoryBean | Failed to initialize JPA EntityManagerFactory: Unable to create requested service [org.hibernate.engine.jdbc.env.spi.JdbcEnvironment] due to: Unable to determine Dialect without JDBC metadata (please set 'jakarta.persistence.jdbc.url' for common cases or 'hibernate.dialect' when a custom Dialect implementation must be provided)
2025-12-05 06:32:54 | WARN  | org.springframework.boot.web.server.servlet.context.AnnotationConfigServletWebServerApplicationContext | Exception encountered during context initialization - cancelling refresh attempt: org.springframework.beans.factory.BeanCreationException: Error creating bean with name 'entityManagerFactory' defined in class path resource [org/springframework/boot/hibernate/autoconfigure/HibernateJpaConfiguration.class]: Unable to create requested service [org.hibernate.engine.jdbc.env.spi.JdbcEnvironment] due to: Unable to determine Dialect without JDBC metadata (please set 'jakarta.persistence.jdbc.url' for common cases or 'hibernate.dialect' when a custom Dialect implementation must be provided)
2025-12-05 06:32:54 | INFO  | org.apache.catalina.core.StandardService | Stopping service [Tomcat]
2025-12-05 06:32:54 | INFO  | org.springframework.boot.autoconfigure.logging.ConditionEvaluationReportLogger | 

Error starting ApplicationContext. To display the condition evaluation report re-run your application with 'debug' enabled.
2025-12-05 06:32:54 | ERROR | org.springframework.boot.SpringApplication | Application run failedorg.springframework.beans.factory.BeanCreationException: Error creating bean with name 'entityManagerFactory' defined in class path resource [org/springframework/boot/hibernate/autoconfigure/HibernateJpaConfiguration.class]: Unable to create requested service [org.hibernate.engine.jdbc.env.spi.JdbcEnvironment] due to: Unable to determine Dialect without JDBC metadata (please set 'jakarta.persistence.jdbc.url' for common cases or 'hibernate.dialect' when a custom Dialect implementation must be provided)
	at org.springframework.beans.factory.support.AbstractAutowireCapableBeanFactory.initializeBean(AbstractAutowireCapableBeanFactory.java:1817) ~[spring-beans-7.0.1.jar:7.0.1]
	at org.springframework.beans.factory.support.AbstractAutowireCapableBeanFactory.doCreateBean(AbstractAutowireCapableBeanFactory.java:603) ~[spring-beans-7.0.1.jar:7.0.1]
	at org.springframework.beans.factory.support.AbstractAutowireCapableBeanFactory.createBean(AbstractAutowireCapableBeanFactory.java:525) ~[spring-beans-7.0.1.jar:7.0.1]
	at org.springframework.beans.factory.support.AbstractBeanFactory.lambda$doGetBean$0(AbstractBeanFactory.java:333) ~[spring-beans-7.0.1.jar:7.0.1]
	at org.springframework.beans.factory.support.DefaultSingletonBeanRegistry.getSingleton(DefaultSingletonBeanRegistry.java:371) ~[spring-beans-7.0.1.jar:7.0.1]
	at org.springframework.beans.factory.support.AbstractBeanFactory.doGetBean(AbstractBeanFactory.java:331) ~[spring-beans-7.0.1.jar:7.0.1]
	at org.springframework.beans.factory.support.AbstractBeanFactory.getBean(AbstractBeanFactory.java:201) ~[spring-beans-7.0.1.jar:7.0.1]
	at org.springframework.context.support.AbstractApplicationContext.finishBeanFactoryInitialization(AbstractApplicationContext.java:966) ~[spring-context-7.0.1.jar:7.0.1]
	at org.springframework.context.support.AbstractApplicationContext.refresh(AbstractApplicationContext.java:620) ~[spring-context-7.0.1.jar:7.0.1]
	at org.springframework.boot.web.server.servlet.context.ServletWebServerApplicationContext.refresh(ServletWebServerApplicationContext.java:143) ~[spring-boot-web-server-4.0.0.jar:4.0.0]
	at org.springframework.boot.SpringApplication.refresh(SpringApplication.java:765) ~[spring-boot-4.0.0.jar:4.0.0]
	at org.springframework.boot.SpringApplication.refreshContext(SpringApplication.java:454) ~[spring-boot-4.0.0.jar:4.0.0]
	at org.springframework.boot.SpringApplication.run(SpringApplication.java:321) ~[spring-boot-4.0.0.jar:4.0.0]
	at org.springframework.boot.SpringApplication.run(SpringApplication.java:1374) ~[spring-boot-4.0.0.jar:4.0.0]
	at org.springframework.boot.SpringApplication.run(SpringApplication.java:1363) ~[spring-boot-4.0.0.jar:4.0.0]
	at com.tcs.boot.FirstRestApplication.main(FirstRestApplication.java:10) ~[classes/:na]
	at java.base/jdk.internal.reflect.NativeMethodAccessorImpl.invoke0(Native Method) ~[na:na]
	at java.base/jdk.internal.reflect.NativeMethodAccessorImpl.invoke(NativeMethodAccessorImpl.java:77) ~[na:na]
	at java.base/jdk.internal.reflect.DelegatingMethodAccessorImpl.invoke(DelegatingMethodAccessorImpl.java:43) ~[na:na]
	at java.base/java.lang.reflect.Method.invoke(Method.java:569) ~[na:na]
	at org.springframework.boot.devtools.restart.RestartLauncher.run(RestartLauncher.java:52) ~[spring-boot-devtools-4.0.0.jar:4.0.0]
Caused by: org.hibernate.service.spi.ServiceException: Unable to create requested service [org.hibernate.engine.jdbc.env.spi.JdbcEnvironment] due to: Unable to determine Dialect without JDBC metadata (please set 'jakarta.persistence.jdbc.url' for common cases or 'hibernate.dialect' when a custom Dialect implementation must be provided)
	at org.hibernate.service.internal.AbstractServiceRegistryImpl.createService(AbstractServiceRegistryImpl.java:275) ~[hibernate-core-7.1.8.Final.jar:7.1.8.Final]
	at org.hibernate.service.internal.AbstractServiceRegistryImpl.initializeService(AbstractServiceRegistryImpl.java:237) ~[hibernate-core-7.1.8.Final.jar:7.1.8.Final]
	at org.hibernate.service.internal.AbstractServiceRegistryImpl.getService(AbstractServiceRegistryImpl.java:214) ~[hibernate-core-7.1.8.Final.jar:7.1.8.Final]
	at org.hibernate.boot.model.relational.Database.<init>(Database.java:44) ~[hibernate-core-7.1.8.Final.jar:7.1.8.Final]
	at org.hibernate.boot.internal.InFlightMetadataCollectorImpl.getDatabase(InFlightMetadataCollectorImpl.java:255) ~[hibernate-core-7.1.8.Final.jar:7.1.8.Final]
	at org.hibernate.boot.internal.InFlightMetadataCollectorImpl.<init>(InFlightMetadataCollectorImpl.java:207) ~[hibernate-core-7.1.8.Final.jar:7.1.8.Final]
	at org.hibernate.boot.model.process.spi.MetadataBuildingProcess.complete(MetadataBuildingProcess.java:185) ~[hibernate-core-7.1.8.Final.jar:7.1.8.Final]
	at org.hibernate.jpa.boot.internal.EntityManagerFactoryBuilderImpl.metadata(EntityManagerFactoryBuilderImpl.java:1395) ~[hibernate-core-7.1.8.Final.jar:7.1.8.Final]
	at org.hibernate.jpa.boot.internal.EntityManagerFactoryBuilderImpl.populateSessionFactoryBuilder(EntityManagerFactoryBuilderImpl.java:1475) ~[hibernate-core-7.1.8.Final.jar:7.1.8.Final]
	at org.hibernate.jpa.boot.internal.EntityManagerFactoryBuilderImpl.build(EntityManagerFactoryBuilderImpl.java:1457) ~[hibernate-core-7.1.8.Final.jar:7.1.8.Final]
	at org.springframework.orm.jpa.vendor.SpringHibernateJpaPersistenceProvider.createContainerEntityManagerFactory(SpringHibernateJpaPersistenceProvider.java:66) ~[spring-orm-7.0.1.jar:7.0.1]
	at org.springframework.orm.jpa.LocalContainerEntityManagerFactoryBean.createNativeEntityManagerFactory(LocalContainerEntityManagerFactoryBean.java:433) ~[spring-orm-7.0.1.jar:7.0.1]
	at org.springframework.orm.jpa.AbstractEntityManagerFactoryBean.buildNativeEntityManagerFactory(AbstractEntityManagerFactoryBean.java:416) ~[spring-orm-7.0.1.jar:7.0.1]
	at org.springframework.orm.jpa.AbstractEntityManagerFactoryBean.afterPropertiesSet(AbstractEntityManagerFactoryBean.java:396) ~[spring-orm-7.0.1.jar:7.0.1]
	at org.springframework.orm.jpa.LocalContainerEntityManagerFactoryBean.afterPropertiesSet(LocalContainerEntityManagerFactoryBean.java:409) ~[spring-orm-7.0.1.jar:7.0.1]
	at org.springframework.beans.factory.support.AbstractAutowireCapableBeanFactory.invokeInitMethods(AbstractAutowireCapableBeanFactory.java:1864) ~[spring-beans-7.0.1.jar:7.0.1]
	at org.springframework.beans.factory.support.AbstractAutowireCapableBeanFactory.initializeBean(AbstractAutowireCapableBeanFactory.java:1813) ~[spring-beans-7.0.1.jar:7.0.1]
	... 20 common frames omitted
Caused by: org.hibernate.HibernateException: Unable to determine Dialect without JDBC metadata (please set 'jakarta.persistence.jdbc.url' for common cases or 'hibernate.dialect' when a custom Dialect implementation must be provided)
	at org.hibernate.engine.jdbc.dialect.internal.DialectFactoryImpl.determineDialect(DialectFactoryImpl.java:190) ~[hibernate-core-7.1.8.Final.jar:7.1.8.Final]
	at org.hibernate.engine.jdbc.dialect.internal.DialectFactoryImpl.buildDialect(DialectFactoryImpl.java:86) ~[hibernate-core-7.1.8.Final.jar:7.1.8.Final]
	at org.hibernate.engine.jdbc.env.internal.JdbcEnvironmentInitiator.getJdbcEnvironmentWithDefaults(JdbcEnvironmentInitiator.java:207) ~[hibernate-core-7.1.8.Final.jar:7.1.8.Final]
	at org.hibernate.engine.jdbc.env.internal.JdbcEnvironmentInitiator.getJdbcEnvironmentUsingJdbcMetadata(JdbcEnvironmentInitiator.java:432) ~[hibernate-core-7.1.8.Final.jar:7.1.8.Final]
	at org.hibernate.engine.jdbc.env.internal.JdbcEnvironmentInitiator.getJdbcEnvironment(JdbcEnvironmentInitiator.java:149) ~[hibernate-core-7.1.8.Final.jar:7.1.8.Final]
	at org.hibernate.engine.jdbc.env.internal.JdbcEnvironmentInitiator.initiateService(JdbcEnvironmentInitiator.java:127) ~[hibernate-core-7.1.8.Final.jar:7.1.8.Final]
	at org.hibernate.engine.jdbc.env.internal.JdbcEnvironmentInitiator.initiateService(JdbcEnvironmentInitiator.java:82) ~[hibernate-core-7.1.8.Final.jar:7.1.8.Final]
	at org.hibernate.boot.registry.internal.StandardServiceRegistryImpl.initiateService(StandardServiceRegistryImpl.java:133) ~[hibernate-core-7.1.8.Final.jar:7.1.8.Final]
	at org.hibernate.service.internal.AbstractServiceRegistryImpl.createService(AbstractServiceRegistryImpl.java:262) ~[hibernate-core-7.1.8.Final.jar:7.1.8.Final]
	... 36 common frames omitted

2025-12-05 06:33:04 | INFO  | com.tcs.boot.FirstRestApplication | Starting FirstRestApplication using Java 17.0.13 with PID 737861 (/home/labuser/Documents/workspace-spring-tools-for-eclipse-4.32.1.RELEASE/first-rest-aop/target/classes started by labuser in /home/labuser/Documents/workspace-spring-tools-for-eclipse-4.32.1.RELEASE/first-rest-aop)
2025-12-05 06:33:04 | INFO  | com.tcs.boot.FirstRestApplication | No active profile set, falling back to 1 default profile: "default"
2025-12-05 06:33:04 | INFO  | org.springframework.data.repository.config.RepositoryConfigurationDelegate | Bootstrapping Spring Data JPA repositories in DEFAULT mode.
2025-12-05 06:33:04 | INFO  | org.springframework.data.repository.config.RepositoryConfigurationDelegate | Finished Spring Data repository scanning in 8 ms. Found 1 JPA repository interface.
2025-12-05 06:33:04 | INFO  | org.springframework.boot.tomcat.TomcatWebServer | Tomcat initialized with port 8090 (http)
2025-12-05 06:33:04 | INFO  | org.apache.catalina.core.StandardService | Starting service [Tomcat]
2025-12-05 06:33:04 | INFO  | org.apache.catalina.core.StandardEngine | Starting Servlet engine: [Apache Tomcat/11.0.14]
2025-12-05 06:33:04 | INFO  | org.springframework.boot.web.context.servlet.WebApplicationContextInitializer | Root WebApplicationContext: initialization completed in 461 ms
2025-12-05 06:33:04 | INFO  | com.zaxxer.hikari.HikariDataSource | HikariPool-3 - Starting...
2025-12-05 06:33:04 | INFO  | com.zaxxer.hikari.pool.HikariPool | HikariPool-3 - Added connection conn10: url=jdbc:h2:mem:63936f25-020a-41ef-a239-c785c55a4979 user=SA
2025-12-05 06:33:04 | INFO  | com.zaxxer.hikari.HikariDataSource | HikariPool-3 - Start completed.
2025-12-05 06:33:04 | INFO  | org.hibernate.jpa.internal.util.LogHelper | HHH000204: Processing PersistenceUnitInfo [name: default]
2025-12-05 06:33:04 | INFO  | org.springframework.orm.jpa.persistenceunit.SpringPersistenceUnitInfo | No LoadTimeWeaver setup: ignoring JPA class transformer
2025-12-05 06:33:04 | INFO  | org.hibernate.orm.connections.pooling | HHH10001005: Database info:
	Database JDBC URL [jdbc:h2:mem:63936f25-020a-41ef-a239-c785c55a4979]
	Database driver: H2 JDBC Driver
	Database dialect: H2Dialect
	Database version: 2.4.240
	Default catalog/schema: 63936F25-020A-41EF-A239-C785C55A4979/PUBLIC
	Autocommit mode: undefined/unknown
	Isolation level: READ_COMMITTED [default READ_COMMITTED]
	JDBC fetch size: 100
	Pool: DatasourceConnectionProviderImpl
	Minimum pool size: undefined/unknown
	Maximum pool size: undefined/unknown
2025-12-05 06:33:04 | INFO  | org.hibernate.engine.transaction.jta.platform.internal.JtaPlatformInitiator | HHH000489: No JTA platform available (set 'hibernate.transaction.jta.platform' to enable JTA platform integration)
2025-12-05 06:33:04 | INFO  | org.springframework.orm.jpa.LocalContainerEntityManagerFactoryBean | Initialized JPA EntityManagerFactory for persistence unit 'default'
2025-12-05 06:33:05 | WARN  | org.springframework.boot.jpa.autoconfigure.JpaBaseConfiguration$JpaWebConfiguration | spring.jpa.open-in-view is enabled by default. Therefore, database queries may be performed during view rendering. Explicitly configure spring.jpa.open-in-view to disable this warning
2025-12-05 06:33:05 | INFO  | org.springframework.boot.tomcat.TomcatWebServer | Tomcat started on port 8090 (http) with context path '/'
2025-12-05 06:33:05 | INFO  | com.tcs.boot.FirstRestApplication | Started FirstRestApplication in 1.159 seconds (process running for 44.468)
2025-12-05 06:33:05 | INFO  | org.springframework.boot.devtools.autoconfigure.ConditionEvaluationDeltaLoggingListener | Condition evaluation unchanged
2025-12-05 06:33:12 | INFO  | org.springframework.boot.devtools.autoconfigure.LocalDevToolsAutoConfiguration$RestartingClassPathChangeChangedEventListener | Restarting due to 1 class path change (0 additions, 0 deletions, 1 modification)
2025-12-05 06:33:12 | INFO  | org.springframework.boot.tomcat.GracefulShutdown | Commencing graceful shutdown. Waiting for active requests to complete
2025-12-05 06:33:12 | INFO  | org.springframework.boot.tomcat.GracefulShutdown | Graceful shutdown complete
2025-12-05 06:33:12 | INFO  | org.springframework.orm.jpa.LocalContainerEntityManagerFactoryBean | Closing JPA EntityManagerFactory for persistence unit 'default'
2025-12-05 06:33:12 | WARN  | org.springframework.beans.factory.support.DisposableBeanAdapter | Invocation of destroy method failed on bean with name 'inMemoryDatabaseShutdownExecutor': org.h2.jdbc.JdbcSQLNonTransientConnectionException: Database is already closed (to disable automatic closing at VM shutdown, add ";DB_CLOSE_ON_EXIT=FALSE" to the db URL) [90121-240]
2025-12-05 06:33:12 | INFO  | com.zaxxer.hikari.HikariDataSource | HikariPool-3 - Shutdown initiated...
2025-12-05 06:33:12 | INFO  | com.zaxxer.hikari.HikariDataSource | HikariPool-3 - Shutdown completed.
2025-12-05 06:33:13 | INFO  | com.tcs.boot.FirstRestApplication | Starting FirstRestApplication using Java 17.0.13 with PID 737861 (/home/labuser/Documents/workspace-spring-tools-for-eclipse-4.32.1.RELEASE/first-rest-aop/target/classes started by labuser in /home/labuser/Documents/workspace-spring-tools-for-eclipse-4.32.1.RELEASE/first-rest-aop)
2025-12-05 06:33:13 | INFO  | com.tcs.boot.FirstRestApplication | No active profile set, falling back to 1 default profile: "default"
2025-12-05 06:33:13 | INFO  | org.springframework.data.repository.config.RepositoryConfigurationDelegate | Bootstrapping Spring Data JPA repositories in DEFAULT mode.
2025-12-05 06:33:13 | INFO  | org.springframework.data.repository.config.RepositoryConfigurationDelegate | Finished Spring Data repository scanning in 8 ms. Found 1 JPA repository interface.
2025-12-05 06:33:13 | INFO  | org.springframework.boot.tomcat.TomcatWebServer | Tomcat initialized with port 8090 (http)
2025-12-05 06:33:13 | INFO  | org.apache.catalina.core.StandardService | Starting service [Tomcat]
2025-12-05 06:33:13 | INFO  | org.apache.catalina.core.StandardEngine | Starting Servlet engine: [Apache Tomcat/11.0.14]
2025-12-05 06:33:13 | INFO  | org.springframework.boot.web.context.servlet.WebApplicationContextInitializer | Root WebApplicationContext: initialization completed in 399 ms
2025-12-05 06:33:13 | INFO  | com.zaxxer.hikari.HikariDataSource | HikariPool-4 - Starting...
2025-12-05 06:33:13 | INFO  | com.zaxxer.hikari.pool.HikariPool | HikariPool-4 - Added connection conn20: url=jdbc:h2:mem:d4ed963f-cbac-4660-abe7-208d0a2eb3d1 user=SA
2025-12-05 06:33:13 | INFO  | com.zaxxer.hikari.HikariDataSource | HikariPool-4 - Start completed.
2025-12-05 06:33:13 | INFO  | org.hibernate.jpa.internal.util.LogHelper | HHH000204: Processing PersistenceUnitInfo [name: default]
2025-12-05 06:33:13 | INFO  | org.springframework.orm.jpa.persistenceunit.SpringPersistenceUnitInfo | No LoadTimeWeaver setup: ignoring JPA class transformer
2025-12-05 06:33:13 | INFO  | org.hibernate.orm.connections.pooling | HHH10001005: Database info:
	Database JDBC URL [jdbc:h2:mem:d4ed963f-cbac-4660-abe7-208d0a2eb3d1]
	Database driver: H2 JDBC Driver
	Database dialect: H2Dialect
	Database version: 2.4.240
	Default catalog/schema: D4ED963F-CBAC-4660-ABE7-208D0A2EB3D1/PUBLIC
	Autocommit mode: undefined/unknown
	Isolation level: READ_COMMITTED [default READ_COMMITTED]
	JDBC fetch size: 100
	Pool: DatasourceConnectionProviderImpl
	Minimum pool size: undefined/unknown
	Maximum pool size: undefined/unknown
2025-12-05 06:33:13 | INFO  | org.hibernate.engine.transaction.jta.platform.internal.JtaPlatformInitiator | HHH000489: No JTA platform available (set 'hibernate.transaction.jta.platform' to enable JTA platform integration)
2025-12-05 06:33:13 | INFO  | org.springframework.orm.jpa.LocalContainerEntityManagerFactoryBean | Initialized JPA EntityManagerFactory for persistence unit 'default'
2025-12-05 06:33:13 | WARN  | org.springframework.boot.jpa.autoconfigure.JpaBaseConfiguration$JpaWebConfiguration | spring.jpa.open-in-view is enabled by default. Therefore, database queries may be performed during view rendering. Explicitly configure spring.jpa.open-in-view to disable this warning
2025-12-05 06:33:13 | INFO  | org.springframework.boot.tomcat.TomcatWebServer | Tomcat started on port 8090 (http) with context path '/'
2025-12-05 06:33:13 | INFO  | com.tcs.boot.FirstRestApplication | Started FirstRestApplication in 0.92 seconds (process running for 52.982)
2025-12-05 06:33:13 | INFO  | org.springframework.boot.devtools.autoconfigure.ConditionEvaluationDeltaLoggingListener | Condition evaluation unchanged
2025-12-05 06:33:21 | INFO  | org.springframework.boot.devtools.autoconfigure.LocalDevToolsAutoConfiguration$RestartingClassPathChangeChangedEventListener | Restarting due to 1 class path change (0 additions, 0 deletions, 1 modification)
2025-12-05 06:33:21 | INFO  | org.springframework.boot.tomcat.GracefulShutdown | Commencing graceful shutdown. Waiting for active requests to complete
2025-12-05 06:33:21 | INFO  | org.springframework.boot.tomcat.GracefulShutdown | Graceful shutdown complete
2025-12-05 06:33:21 | INFO  | org.springframework.orm.jpa.LocalContainerEntityManagerFactoryBean | Closing JPA EntityManagerFactory for persistence unit 'default'
2025-12-05 06:33:21 | WARN  | org.springframework.beans.factory.support.DisposableBeanAdapter | Invocation of destroy method failed on bean with name 'inMemoryDatabaseShutdownExecutor': org.h2.jdbc.JdbcSQLNonTransientConnectionException: Database is already closed (to disable automatic closing at VM shutdown, add ";DB_CLOSE_ON_EXIT=FALSE" to the db URL) [90121-240]
2025-12-05 06:33:21 | INFO  | com.zaxxer.hikari.HikariDataSource | HikariPool-4 - Shutdown initiated...
2025-12-05 06:33:21 | INFO  | com.zaxxer.hikari.HikariDataSource | HikariPool-4 - Shutdown completed.
2025-12-05 06:33:21 | INFO  | com.tcs.boot.FirstRestApplication | Starting FirstRestApplication using Java 17.0.13 with PID 737861 (/home/labuser/Documents/workspace-spring-tools-for-eclipse-4.32.1.RELEASE/first-rest-aop/target/classes started by labuser in /home/labuser/Documents/workspace-spring-tools-for-eclipse-4.32.1.RELEASE/first-rest-aop)
2025-12-05 06:33:21 | INFO  | com.tcs.boot.FirstRestApplication | No active profile set, falling back to 1 default profile: "default"
2025-12-05 06:33:21 | INFO  | org.springframework.data.repository.config.RepositoryConfigurationDelegate | Bootstrapping Spring Data JPA repositories in DEFAULT mode.
2025-12-05 06:33:21 | INFO  | org.springframework.data.repository.config.RepositoryConfigurationDelegate | Finished Spring Data repository scanning in 6 ms. Found 1 JPA repository interface.
2025-12-05 06:33:21 | INFO  | org.springframework.boot.tomcat.TomcatWebServer | Tomcat initialized with port 8090 (http)
2025-12-05 06:33:21 | INFO  | org.apache.catalina.core.StandardService | Starting service [Tomcat]
2025-12-05 06:33:21 | INFO  | org.apache.catalina.core.StandardEngine | Starting Servlet engine: [Apache Tomcat/11.0.14]
2025-12-05 06:33:21 | INFO  | org.springframework.boot.web.context.servlet.WebApplicationContextInitializer | Root WebApplicationContext: initialization completed in 316 ms
2025-12-05 06:33:21 | INFO  | com.zaxxer.hikari.HikariDataSource | HikariPool-5 - Starting...
2025-12-05 06:33:21 | INFO  | com.zaxxer.hikari.pool.HikariPool | HikariPool-5 - Added connection conn30: url=jdbc:h2:mem:29446b00-f8cd-4fbb-90e4-63561c4264bf user=SA
2025-12-05 06:33:21 | INFO  | com.zaxxer.hikari.HikariDataSource | HikariPool-5 - Start completed.
2025-12-05 06:33:21 | INFO  | org.hibernate.jpa.internal.util.LogHelper | HHH000204: Processing PersistenceUnitInfo [name: default]
2025-12-05 06:33:21 | INFO  | org.springframework.orm.jpa.persistenceunit.SpringPersistenceUnitInfo | No LoadTimeWeaver setup: ignoring JPA class transformer
2025-12-05 06:33:21 | INFO  | org.hibernate.orm.connections.pooling | HHH10001005: Database info:
	Database JDBC URL [jdbc:h2:mem:29446b00-f8cd-4fbb-90e4-63561c4264bf]
	Database driver: H2 JDBC Driver
	Database dialect: H2Dialect
	Database version: 2.4.240
	Default catalog/schema: 29446B00-F8CD-4FBB-90E4-63561C4264BF/PUBLIC
	Autocommit mode: undefined/unknown
	Isolation level: READ_COMMITTED [default READ_COMMITTED]
	JDBC fetch size: 100
	Pool: DatasourceConnectionProviderImpl
	Minimum pool size: undefined/unknown
	Maximum pool size: undefined/unknown
2025-12-05 06:33:21 | INFO  | org.hibernate.engine.transaction.jta.platform.internal.JtaPlatformInitiator | HHH000489: No JTA platform available (set 'hibernate.transaction.jta.platform' to enable JTA platform integration)
2025-12-05 06:33:21 | INFO  | org.springframework.orm.jpa.LocalContainerEntityManagerFactoryBean | Initialized JPA EntityManagerFactory for persistence unit 'default'
2025-12-05 06:33:22 | WARN  | org.springframework.boot.jpa.autoconfigure.JpaBaseConfiguration$JpaWebConfiguration | spring.jpa.open-in-view is enabled by default. Therefore, database queries may be performed during view rendering. Explicitly configure spring.jpa.open-in-view to disable this warning
2025-12-05 06:33:22 | INFO  | org.springframework.boot.tomcat.TomcatWebServer | Tomcat started on port 8090 (http) with context path '/'
2025-12-05 06:33:22 | INFO  | com.tcs.boot.FirstRestApplication | Started FirstRestApplication in 0.849 seconds (process running for 61.291)
2025-12-05 06:33:22 | INFO  | org.springframework.boot.devtools.autoconfigure.ConditionEvaluationDeltaLoggingListener | Condition evaluation unchanged
2025-12-05 06:34:18 | INFO  | org.springframework.boot.devtools.autoconfigure.LocalDevToolsAutoConfiguration$RestartingClassPathChangeChangedEventListener | Restarting due to 1 class path change (0 additions, 0 deletions, 1 modification)
2025-12-05 06:34:18 | INFO  | org.springframework.boot.tomcat.GracefulShutdown | Commencing graceful shutdown. Waiting for active requests to complete
2025-12-05 06:34:18 | INFO  | org.springframework.boot.tomcat.GracefulShutdown | Graceful shutdown complete
2025-12-05 06:34:18 | INFO  | org.springframework.orm.jpa.LocalContainerEntityManagerFactoryBean | Closing JPA EntityManagerFactory for persistence unit 'default'
2025-12-05 06:34:18 | WARN  | org.springframework.beans.factory.support.DisposableBeanAdapter | Invocation of destroy method failed on bean with name 'inMemoryDatabaseShutdownExecutor': org.h2.jdbc.JdbcSQLNonTransientConnectionException: Database is already closed (to disable automatic closing at VM shutdown, add ";DB_CLOSE_ON_EXIT=FALSE" to the db URL) [90121-240]
2025-12-05 06:34:18 | INFO  | com.zaxxer.hikari.HikariDataSource | HikariPool-5 - Shutdown initiated...
2025-12-05 06:34:18 | INFO  | com.zaxxer.hikari.HikariDataSource | HikariPool-5 - Shutdown completed.
2025-12-05 06:34:18 | INFO  | com.tcs.boot.FirstRestApplication | Starting FirstRestApplication using Java 17.0.13 with PID 737861 (/home/labuser/Documents/workspace-spring-tools-for-eclipse-4.32.1.RELEASE/first-rest-aop/target/classes started by labuser in /home/labuser/Documents/workspace-spring-tools-for-eclipse-4.32.1.RELEASE/first-rest-aop)
2025-12-05 06:34:18 | INFO  | com.tcs.boot.FirstRestApplication | No active profile set, falling back to 1 default profile: "default"
2025-12-05 06:34:19 | INFO  | org.springframework.data.repository.config.RepositoryConfigurationDelegate | Bootstrapping Spring Data JPA repositories in DEFAULT mode.
2025-12-05 06:34:19 | INFO  | org.springframework.data.repository.config.RepositoryConfigurationDelegate | Finished Spring Data repository scanning in 17 ms. Found 1 JPA repository interface.
2025-12-05 06:34:19 | INFO  | org.springframework.boot.tomcat.TomcatWebServer | Tomcat initialized with port 8090 (http)
2025-12-05 06:34:19 | INFO  | org.apache.catalina.core.StandardService | Starting service [Tomcat]
2025-12-05 06:34:19 | INFO  | org.apache.catalina.core.StandardEngine | Starting Servlet engine: [Apache Tomcat/11.0.14]
2025-12-05 06:34:19 | INFO  | org.springframework.boot.web.context.servlet.WebApplicationContextInitializer | Root WebApplicationContext: initialization completed in 535 ms
2025-12-05 06:34:19 | INFO  | com.zaxxer.hikari.HikariDataSource | HikariPool-6 - Starting...
2025-12-05 06:34:19 | INFO  | com.zaxxer.hikari.pool.HikariPool | HikariPool-6 - Added connection conn40: url=jdbc:h2:mem:f888442c-b18b-4d63-a7f7-0e4604269791 user=SA
2025-12-05 06:34:19 | INFO  | com.zaxxer.hikari.HikariDataSource | HikariPool-6 - Start completed.
2025-12-05 06:34:19 | INFO  | org.hibernate.jpa.internal.util.LogHelper | HHH000204: Processing PersistenceUnitInfo [name: default]
2025-12-05 06:34:19 | INFO  | org.springframework.orm.jpa.persistenceunit.SpringPersistenceUnitInfo | No LoadTimeWeaver setup: ignoring JPA class transformer
2025-12-05 06:34:19 | INFO  | org.hibernate.orm.connections.pooling | HHH10001005: Database info:
	Database JDBC URL [jdbc:h2:mem:f888442c-b18b-4d63-a7f7-0e4604269791]
	Database driver: H2 JDBC Driver
	Database dialect: H2Dialect
	Database version: 2.4.240
	Default catalog/schema: F888442C-B18B-4D63-A7F7-0E4604269791/PUBLIC
	Autocommit mode: undefined/unknown
	Isolation level: READ_COMMITTED [default READ_COMMITTED]
	JDBC fetch size: 100
	Pool: DatasourceConnectionProviderImpl
	Minimum pool size: undefined/unknown
	Maximum pool size: undefined/unknown
2025-12-05 06:34:19 | INFO  | org.hibernate.engine.transaction.jta.platform.internal.JtaPlatformInitiator | HHH000489: No JTA platform available (set 'hibernate.transaction.jta.platform' to enable JTA platform integration)
2025-12-05 06:34:19 | INFO  | org.springframework.orm.jpa.LocalContainerEntityManagerFactoryBean | Initialized JPA EntityManagerFactory for persistence unit 'default'
2025-12-05 06:34:19 | WARN  | org.springframework.boot.jpa.autoconfigure.JpaBaseConfiguration$JpaWebConfiguration | spring.jpa.open-in-view is enabled by default. Therefore, database queries may be performed during view rendering. Explicitly configure spring.jpa.open-in-view to disable this warning
2025-12-05 06:34:19 | INFO  | org.springframework.boot.tomcat.TomcatWebServer | Tomcat started on port 8090 (http) with context path '/'
2025-12-05 06:34:19 | INFO  | com.tcs.boot.FirstRestApplication | Started FirstRestApplication in 0.97 seconds (process running for 118.971)
2025-12-05 06:34:19 | INFO  | org.springframework.boot.devtools.autoconfigure.ConditionEvaluationDeltaLoggingListener | Condition evaluation unchanged
2025-12-05 06:34:31 | INFO  | org.springframework.boot.devtools.autoconfigure.LocalDevToolsAutoConfiguration$RestartingClassPathChangeChangedEventListener | Restarting due to 1 class path change (0 additions, 0 deletions, 1 modification)
2025-12-05 06:34:31 | INFO  | org.springframework.boot.tomcat.GracefulShutdown | Commencing graceful shutdown. Waiting for active requests to complete
2025-12-05 06:34:31 | INFO  | org.springframework.boot.tomcat.GracefulShutdown | Graceful shutdown complete
2025-12-05 06:34:31 | INFO  | org.springframework.orm.jpa.LocalContainerEntityManagerFactoryBean | Closing JPA EntityManagerFactory for persistence unit 'default'
2025-12-05 06:34:31 | WARN  | org.springframework.beans.factory.support.DisposableBeanAdapter | Invocation of destroy method failed on bean with name 'inMemoryDatabaseShutdownExecutor': org.h2.jdbc.JdbcSQLNonTransientConnectionException: Database is already closed (to disable automatic closing at VM shutdown, add ";DB_CLOSE_ON_EXIT=FALSE" to the db URL) [90121-240]
2025-12-05 06:34:31 | INFO  | com.zaxxer.hikari.HikariDataSource | HikariPool-6 - Shutdown initiated...
2025-12-05 06:34:31 | INFO  | com.zaxxer.hikari.HikariDataSource | HikariPool-6 - Shutdown completed.
2025-12-05 06:34:31 | INFO  | com.tcs.boot.FirstRestApplication | Starting FirstRestApplication using Java 17.0.13 with PID 737861 (/home/labuser/Documents/workspace-spring-tools-for-eclipse-4.32.1.RELEASE/first-rest-aop/target/classes started by labuser in /home/labuser/Documents/workspace-spring-tools-for-eclipse-4.32.1.RELEASE/first-rest-aop)
2025-12-05 06:34:31 | INFO  | com.tcs.boot.FirstRestApplication | No active profile set, falling back to 1 default profile: "default"
2025-12-05 06:34:31 | INFO  | org.springframework.data.repository.config.RepositoryConfigurationDelegate | Bootstrapping Spring Data JPA repositories in DEFAULT mode.
2025-12-05 06:34:31 | INFO  | org.springframework.data.repository.config.RepositoryConfigurationDelegate | Finished Spring Data repository scanning in 6 ms. Found 1 JPA repository interface.
2025-12-05 06:34:31 | INFO  | org.springframework.boot.tomcat.TomcatWebServer | Tomcat initialized with port 8090 (http)
2025-12-05 06:34:31 | INFO  | org.apache.catalina.core.StandardService | Starting service [Tomcat]
2025-12-05 06:34:31 | INFO  | org.apache.catalina.core.StandardEngine | Starting Servlet engine: [Apache Tomcat/11.0.14]
2025-12-05 06:34:31 | INFO  | org.springframework.boot.web.context.servlet.WebApplicationContextInitializer | Root WebApplicationContext: initialization completed in 331 ms
2025-12-05 06:34:31 | INFO  | com.zaxxer.hikari.HikariDataSource | HikariPool-7 - Starting...
2025-12-05 06:34:31 | INFO  | com.zaxxer.hikari.pool.HikariPool | HikariPool-7 - Added connection conn50: url=jdbc:h2:mem:7f44f803-d030-44e4-837e-d4b814fe3c8f user=SA
2025-12-05 06:34:31 | INFO  | com.zaxxer.hikari.HikariDataSource | HikariPool-7 - Start completed.
2025-12-05 06:34:31 | INFO  | org.hibernate.jpa.internal.util.LogHelper | HHH000204: Processing PersistenceUnitInfo [name: default]
2025-12-05 06:34:31 | INFO  | org.springframework.orm.jpa.persistenceunit.SpringPersistenceUnitInfo | No LoadTimeWeaver setup: ignoring JPA class transformer
2025-12-05 06:34:31 | INFO  | org.hibernate.orm.connections.pooling | HHH10001005: Database info:
	Database JDBC URL [jdbc:h2:mem:7f44f803-d030-44e4-837e-d4b814fe3c8f]
	Database driver: H2 JDBC Driver
	Database dialect: H2Dialect
	Database version: 2.4.240
	Default catalog/schema: 7F44F803-D030-44E4-837E-D4B814FE3C8F/PUBLIC
	Autocommit mode: undefined/unknown
	Isolation level: READ_COMMITTED [default READ_COMMITTED]
	JDBC fetch size: 100
	Pool: DatasourceConnectionProviderImpl
	Minimum pool size: undefined/unknown
	Maximum pool size: undefined/unknown
2025-12-05 06:34:31 | INFO  | org.hibernate.engine.transaction.jta.platform.internal.JtaPlatformInitiator | HHH000489: No JTA platform available (set 'hibernate.transaction.jta.platform' to enable JTA platform integration)
2025-12-05 06:34:31 | INFO  | org.springframework.orm.jpa.LocalContainerEntityManagerFactoryBean | Initialized JPA EntityManagerFactory for persistence unit 'default'
2025-12-05 06:34:31 | WARN  | org.springframework.boot.jpa.autoconfigure.JpaBaseConfiguration$JpaWebConfiguration | spring.jpa.open-in-view is enabled by default. Therefore, database queries may be performed during view rendering. Explicitly configure spring.jpa.open-in-view to disable this warning
2025-12-05 06:34:32 | INFO  | org.springframework.boot.tomcat.TomcatWebServer | Tomcat started on port 8090 (http) with context path '/'
2025-12-05 06:34:32 | INFO  | com.tcs.boot.FirstRestApplication | Started FirstRestApplication in 0.712 seconds (process running for 131.23)
2025-12-05 06:34:32 | INFO  | org.springframework.boot.devtools.autoconfigure.ConditionEvaluationDeltaLoggingListener | Condition evaluation unchanged
2025-12-05 06:34:41 | INFO  | org.springframework.boot.devtools.autoconfigure.LocalDevToolsAutoConfiguration$RestartingClassPathChangeChangedEventListener | Restarting due to 1 class path change (0 additions, 0 deletions, 1 modification)
2025-12-05 06:34:41 | INFO  | org.springframework.boot.tomcat.GracefulShutdown | Commencing graceful shutdown. Waiting for active requests to complete
2025-12-05 06:34:41 | INFO  | org.springframework.boot.tomcat.GracefulShutdown | Graceful shutdown complete
2025-12-05 06:34:41 | INFO  | org.springframework.orm.jpa.LocalContainerEntityManagerFactoryBean | Closing JPA EntityManagerFactory for persistence unit 'default'
2025-12-05 06:34:41 | WARN  | org.springframework.beans.factory.support.DisposableBeanAdapter | Invocation of destroy method failed on bean with name 'inMemoryDatabaseShutdownExecutor': org.h2.jdbc.JdbcSQLNonTransientConnectionException: Database is already closed (to disable automatic closing at VM shutdown, add ";DB_CLOSE_ON_EXIT=FALSE" to the db URL) [90121-240]
2025-12-05 06:34:41 | INFO  | com.zaxxer.hikari.HikariDataSource | HikariPool-7 - Shutdown initiated...
2025-12-05 06:34:41 | INFO  | com.zaxxer.hikari.HikariDataSource | HikariPool-7 - Shutdown completed.
2025-12-05 06:34:41 | INFO  | com.tcs.boot.FirstRestApplication | Starting FirstRestApplication using Java 17.0.13 with PID 737861 (/home/labuser/Documents/workspace-spring-tools-for-eclipse-4.32.1.RELEASE/first-rest-aop/target/classes started by labuser in /home/labuser/Documents/workspace-spring-tools-for-eclipse-4.32.1.RELEASE/first-rest-aop)
2025-12-05 06:34:41 | INFO  | com.tcs.boot.FirstRestApplication | No active profile set, falling back to 1 default profile: "default"
2025-12-05 06:34:41 | INFO  | org.springframework.data.repository.config.RepositoryConfigurationDelegate | Bootstrapping Spring Data JPA repositories in DEFAULT mode.
2025-12-05 06:34:41 | INFO  | org.springframework.data.repository.config.RepositoryConfigurationDelegate | Finished Spring Data repository scanning in 5 ms. Found 1 JPA repository interface.
2025-12-05 06:34:41 | INFO  | org.springframework.boot.tomcat.TomcatWebServer | Tomcat initialized with port 8090 (http)
2025-12-05 06:34:41 | INFO  | org.apache.catalina.core.StandardService | Starting service [Tomcat]
2025-12-05 06:34:41 | INFO  | org.apache.catalina.core.StandardEngine | Starting Servlet engine: [Apache Tomcat/11.0.14]
2025-12-05 06:34:41 | INFO  | org.springframework.boot.web.context.servlet.WebApplicationContextInitializer | Root WebApplicationContext: initialization completed in 271 ms
2025-12-05 06:34:41 | INFO  | com.zaxxer.hikari.HikariDataSource | HikariPool-8 - Starting...
2025-12-05 06:34:41 | INFO  | com.zaxxer.hikari.pool.HikariPool | HikariPool-8 - Added connection conn60: url=jdbc:h2:mem:1b1cf28c-b33f-41de-916a-ad7b18824f06 user=SA
2025-12-05 06:34:41 | INFO  | com.zaxxer.hikari.HikariDataSource | HikariPool-8 - Start completed.
2025-12-05 06:34:41 | INFO  | org.hibernate.jpa.internal.util.LogHelper | HHH000204: Processing PersistenceUnitInfo [name: default]
2025-12-05 06:34:41 | INFO  | org.springframework.orm.jpa.persistenceunit.SpringPersistenceUnitInfo | No LoadTimeWeaver setup: ignoring JPA class transformer
2025-12-05 06:34:41 | INFO  | org.hibernate.orm.connections.pooling | HHH10001005: Database info:
	Database JDBC URL [jdbc:h2:mem:1b1cf28c-b33f-41de-916a-ad7b18824f06]
	Database driver: H2 JDBC Driver
	Database dialect: H2Dialect
	Database version: 2.4.240
	Default catalog/schema: 1B1CF28C-B33F-41DE-916A-AD7B18824F06/PUBLIC
	Autocommit mode: undefined/unknown
	Isolation level: READ_COMMITTED [default READ_COMMITTED]
	JDBC fetch size: 100
	Pool: DatasourceConnectionProviderImpl
	Minimum pool size: undefined/unknown
	Maximum pool size: undefined/unknown
2025-12-05 06:34:42 | INFO  | org.hibernate.engine.transaction.jta.platform.internal.JtaPlatformInitiator | HHH000489: No JTA platform available (set 'hibernate.transaction.jta.platform' to enable JTA platform integration)
2025-12-05 06:34:42 | INFO  | org.springframework.orm.jpa.LocalContainerEntityManagerFactoryBean | Initialized JPA EntityManagerFactory for persistence unit 'default'
2025-12-05 06:34:42 | WARN  | org.springframework.boot.jpa.autoconfigure.JpaBaseConfiguration$JpaWebConfiguration | spring.jpa.open-in-view is enabled by default. Therefore, database queries may be performed during view rendering. Explicitly configure spring.jpa.open-in-view to disable this warning
2025-12-05 06:34:42 | INFO  | org.springframework.boot.tomcat.TomcatWebServer | Tomcat started on port 8090 (http) with context path '/'
2025-12-05 06:34:42 | INFO  | com.tcs.boot.FirstRestApplication | Started FirstRestApplication in 0.714 seconds (process running for 141.408)
2025-12-05 06:34:42 | INFO  | org.springframework.boot.devtools.autoconfigure.ConditionEvaluationDeltaLoggingListener | Condition evaluation unchanged
2025-12-05 06:35:42 | INFO  | org.springframework.boot.devtools.autoconfigure.LocalDevToolsAutoConfiguration$RestartingClassPathChangeChangedEventListener | Restarting due to 1 class path change (0 additions, 0 deletions, 1 modification)
2025-12-05 06:35:42 | INFO  | org.springframework.boot.tomcat.GracefulShutdown | Commencing graceful shutdown. Waiting for active requests to complete
2025-12-05 06:35:42 | INFO  | org.springframework.boot.tomcat.GracefulShutdown | Graceful shutdown complete
2025-12-05 06:35:42 | INFO  | org.springframework.orm.jpa.LocalContainerEntityManagerFactoryBean | Closing JPA EntityManagerFactory for persistence unit 'default'
2025-12-05 06:35:42 | WARN  | org.springframework.beans.factory.support.DisposableBeanAdapter | Invocation of destroy method failed on bean with name 'inMemoryDatabaseShutdownExecutor': org.h2.jdbc.JdbcSQLNonTransientConnectionException: Database is already closed (to disable automatic closing at VM shutdown, add ";DB_CLOSE_ON_EXIT=FALSE" to the db URL) [90121-240]
2025-12-05 06:35:42 | INFO  | com.zaxxer.hikari.HikariDataSource | HikariPool-8 - Shutdown initiated...
2025-12-05 06:35:42 | INFO  | com.zaxxer.hikari.HikariDataSource | HikariPool-8 - Shutdown completed.
2025-12-05 06:35:42 | INFO  | com.tcs.boot.FirstRestApplication | Starting FirstRestApplication using Java 17.0.13 with PID 737861 (/home/labuser/Documents/workspace-spring-tools-for-eclipse-4.32.1.RELEASE/first-rest-aop/target/classes started by labuser in /home/labuser/Documents/workspace-spring-tools-for-eclipse-4.32.1.RELEASE/first-rest-aop)
2025-12-05 06:35:42 | INFO  | com.tcs.boot.FirstRestApplication | No active profile set, falling back to 1 default profile: "default"
2025-12-05 06:35:43 | INFO  | org.springframework.data.repository.config.RepositoryConfigurationDelegate | Bootstrapping Spring Data JPA repositories in DEFAULT mode.
2025-12-05 06:35:43 | INFO  | org.springframework.data.repository.config.RepositoryConfigurationDelegate | Finished Spring Data repository scanning in 6 ms. Found 1 JPA repository interface.
2025-12-05 06:35:43 | INFO  | org.springframework.boot.tomcat.TomcatWebServer | Tomcat initialized with port 8090 (http)
2025-12-05 06:35:43 | INFO  | org.apache.catalina.core.StandardService | Starting service [Tomcat]
2025-12-05 06:35:43 | INFO  | org.apache.catalina.core.StandardEngine | Starting Servlet engine: [Apache Tomcat/11.0.14]
2025-12-05 06:35:43 | INFO  | org.springframework.boot.web.context.servlet.WebApplicationContextInitializer | Root WebApplicationContext: initialization completed in 389 ms
2025-12-05 06:35:43 | INFO  | com.zaxxer.hikari.HikariDataSource | HikariPool-9 - Starting...
2025-12-05 06:35:43 | INFO  | com.zaxxer.hikari.pool.HikariPool | HikariPool-9 - Added connection conn70: url=jdbc:h2:mem:17a20ec5-7bdc-467c-9b22-fd6823e630ef user=SA
2025-12-05 06:35:43 | INFO  | com.zaxxer.hikari.HikariDataSource | HikariPool-9 - Start completed.
2025-12-05 06:35:43 | INFO  | org.hibernate.jpa.internal.util.LogHelper | HHH000204: Processing PersistenceUnitInfo [name: default]
2025-12-05 06:35:43 | INFO  | org.springframework.orm.jpa.persistenceunit.SpringPersistenceUnitInfo | No LoadTimeWeaver setup: ignoring JPA class transformer
2025-12-05 06:35:43 | INFO  | org.hibernate.orm.connections.pooling | HHH10001005: Database info:
	Database JDBC URL [jdbc:h2:mem:17a20ec5-7bdc-467c-9b22-fd6823e630ef]
	Database driver: H2 JDBC Driver
	Database dialect: H2Dialect
	Database version: 2.4.240
	Default catalog/schema: 17A20EC5-7BDC-467C-9B22-FD6823E630EF/PUBLIC
	Autocommit mode: undefined/unknown
	Isolation level: READ_COMMITTED [default READ_COMMITTED]
	JDBC fetch size: 100
	Pool: DatasourceConnectionProviderImpl
	Minimum pool size: undefined/unknown
	Maximum pool size: undefined/unknown
2025-12-05 06:35:43 | INFO  | org.hibernate.engine.transaction.jta.platform.internal.JtaPlatformInitiator | HHH000489: No JTA platform available (set 'hibernate.transaction.jta.platform' to enable JTA platform integration)
2025-12-05 06:35:43 | INFO  | org.springframework.orm.jpa.LocalContainerEntityManagerFactoryBean | Initialized JPA EntityManagerFactory for persistence unit 'default'
2025-12-05 06:35:43 | WARN  | org.springframework.boot.jpa.autoconfigure.JpaBaseConfiguration$JpaWebConfiguration | spring.jpa.open-in-view is enabled by default. Therefore, database queries may be performed during view rendering. Explicitly configure spring.jpa.open-in-view to disable this warning
2025-12-05 06:35:43 | INFO  | org.springframework.boot.tomcat.TomcatWebServer | Tomcat started on port 8090 (http) with context path '/'
2025-12-05 06:35:43 | INFO  | com.tcs.boot.FirstRestApplication | Started FirstRestApplication in 0.913 seconds (process running for 202.898)
2025-12-05 06:35:43 | INFO  | org.springframework.boot.devtools.autoconfigure.ConditionEvaluationDeltaLoggingListener | Condition evaluation unchanged
2025-12-05 06:35:47 | INFO  | org.springframework.boot.admin.SpringApplicationAdminMXBeanRegistrar$SpringApplicationAdmin | Application shutdown requested.
2025-12-05 06:35:47 | INFO  | org.springframework.boot.tomcat.GracefulShutdown | Commencing graceful shutdown. Waiting for active requests to complete
2025-12-05 06:35:47 | INFO  | org.springframework.boot.tomcat.GracefulShutdown | Graceful shutdown complete
2025-12-05 06:35:47 | INFO  | org.springframework.orm.jpa.LocalContainerEntityManagerFactoryBean | Closing JPA EntityManagerFactory for persistence unit 'default'
2025-12-05 06:35:47 | WARN  | org.springframework.beans.factory.support.DisposableBeanAdapter | Invocation of destroy method failed on bean with name 'inMemoryDatabaseShutdownExecutor': org.h2.jdbc.JdbcSQLNonTransientConnectionException: Database is already closed (to disable automatic closing at VM shutdown, add ";DB_CLOSE_ON_EXIT=FALSE" to the db URL) [90121-240]
2025-12-05 06:35:47 | INFO  | com.zaxxer.hikari.HikariDataSource | HikariPool-9 - Shutdown initiated...
2025-12-05 06:35:47 | INFO  | com.zaxxer.hikari.HikariDataSource | HikariPool-9 - Shutdown completed.
2025-12-05 06:37:35 | INFO  | com.tcs.boot.FirstRestApplication | Starting FirstRestApplication using Java 17.0.13 with PID 760313 (/home/labuser/Documents/workspace-spring-tools-for-eclipse-4.32.1.RELEASE/first-rest-aop/target/classes started by labuser in /home/labuser/Documents/workspace-spring-tools-for-eclipse-4.32.1.RELEASE/first-rest-aop)
2025-12-05 06:37:35 | INFO  | com.tcs.boot.FirstRestApplication | No active profile set, falling back to 1 default profile: "default"
2025-12-05 06:37:35 | INFO  | org.springframework.boot.devtools.env.DevToolsPropertyDefaultsPostProcessor | Devtools property defaults active! Set 'spring.devtools.add-properties' to 'false' to disable
2025-12-05 06:37:35 | INFO  | org.springframework.boot.devtools.env.DevToolsPropertyDefaultsPostProcessor | For additional web related logging consider setting the 'logging.level.web' property to 'DEBUG'
2025-12-05 06:37:37 | INFO  | org.springframework.data.repository.config.RepositoryConfigurationDelegate | Bootstrapping Spring Data JPA repositories in DEFAULT mode.
2025-12-05 06:37:37 | INFO  | org.springframework.data.repository.config.RepositoryConfigurationDelegate | Finished Spring Data repository scanning in 107 ms. Found 1 JPA repository interface.
2025-12-05 06:37:37 | INFO  | org.springframework.boot.tomcat.TomcatWebServer | Tomcat initialized with port 8090 (http)
2025-12-05 06:37:37 | INFO  | org.apache.catalina.core.StandardService | Starting service [Tomcat]
2025-12-05 06:37:37 | INFO  | org.apache.catalina.core.StandardEngine | Starting Servlet engine: [Apache Tomcat/11.0.14]
2025-12-05 06:37:37 | INFO  | org.springframework.boot.web.context.servlet.WebApplicationContextInitializer | Root WebApplicationContext: initialization completed in 2173 ms
2025-12-05 06:37:38 | INFO  | org.hibernate.jpa.internal.util.LogHelper | HHH000204: Processing PersistenceUnitInfo [name: default]
2025-12-05 06:37:38 | INFO  | org.hibernate.Version | HHH000412: Hibernate ORM core version 7.1.8.Final
2025-12-05 06:37:38 | INFO  | org.springframework.orm.jpa.persistenceunit.SpringPersistenceUnitInfo | No LoadTimeWeaver setup: ignoring JPA class transformer
2025-12-05 06:37:38 | INFO  | com.zaxxer.hikari.HikariDataSource | HikariPool-1 - Starting...
2025-12-05 06:37:40 | WARN  | org.hibernate.orm.jdbc.error | HHH000247: ErrorCode: 1045, SQLState: 28000
2025-12-05 06:37:40 | WARN  | org.hibernate.orm.jdbc.error | Access denied for user '${env_username}'@'localhost' (using password: YES)
2025-12-05 06:37:40 | WARN  | org.hibernate.engine.jdbc.env.internal.JdbcEnvironmentInitiator | HHH000342: Could not obtain connection to query JDBC database metadataorg.hibernate.exception.AuthException: Unable to obtain isolated JDBC connection [Access denied for user '${env_username}'@'localhost' (using password: YES)] [n/a]
	at org.hibernate.exception.internal.SQLStateConversionDelegate.convert(SQLStateConversionDelegate.java:87)
	at org.hibernate.exception.internal.StandardSQLExceptionConverter.convert(StandardSQLExceptionConverter.java:34)
	at org.hibernate.engine.jdbc.spi.SqlExceptionHelper.convert(SqlExceptionHelper.java:115)
	at org.hibernate.engine.jdbc.spi.SqlExceptionHelper.convert(SqlExceptionHelper.java:101)
	at org.hibernate.resource.transaction.backend.jdbc.internal.JdbcIsolationDelegate.delegateWork(JdbcIsolationDelegate.java:51)
	at org.hibernate.engine.jdbc.env.internal.JdbcEnvironmentInitiator.getJdbcEnvironmentUsingJdbcMetadata(JdbcEnvironmentInitiator.java:355)
	at org.hibernate.engine.jdbc.env.internal.JdbcEnvironmentInitiator.getJdbcEnvironment(JdbcEnvironmentInitiator.java:149)
	at org.hibernate.engine.jdbc.env.internal.JdbcEnvironmentInitiator.initiateService(JdbcEnvironmentInitiator.java:127)
	at org.hibernate.engine.jdbc.env.internal.JdbcEnvironmentInitiator.initiateService(JdbcEnvironmentInitiator.java:82)
	at org.hibernate.boot.registry.internal.StandardServiceRegistryImpl.initiateService(StandardServiceRegistryImpl.java:133)
	at org.hibernate.service.internal.AbstractServiceRegistryImpl.createService(AbstractServiceRegistryImpl.java:262)
	at org.hibernate.service.internal.AbstractServiceRegistryImpl.initializeService(AbstractServiceRegistryImpl.java:237)
	at org.hibernate.service.internal.AbstractServiceRegistryImpl.getService(AbstractServiceRegistryImpl.java:214)
	at org.hibernate.boot.model.relational.Database.<init>(Database.java:44)
	at org.hibernate.boot.internal.InFlightMetadataCollectorImpl.getDatabase(InFlightMetadataCollectorImpl.java:255)
	at org.hibernate.boot.internal.InFlightMetadataCollectorImpl.<init>(InFlightMetadataCollectorImpl.java:207)
	at org.hibernate.boot.model.process.spi.MetadataBuildingProcess.complete(MetadataBuildingProcess.java:185)
	at org.hibernate.jpa.boot.internal.EntityManagerFactoryBuilderImpl.metadata(EntityManagerFactoryBuilderImpl.java:1395)
	at org.hibernate.jpa.boot.internal.EntityManagerFactoryBuilderImpl.populateSessionFactoryBuilder(EntityManagerFactoryBuilderImpl.java:1475)
	at org.hibernate.jpa.boot.internal.EntityManagerFactoryBuilderImpl.build(EntityManagerFactoryBuilderImpl.java:1457)
	at org.springframework.orm.jpa.vendor.SpringHibernateJpaPersistenceProvider.createContainerEntityManagerFactory(SpringHibernateJpaPersistenceProvider.java:66)
	at org.springframework.orm.jpa.LocalContainerEntityManagerFactoryBean.createNativeEntityManagerFactory(LocalContainerEntityManagerFactoryBean.java:433)
	at org.springframework.orm.jpa.AbstractEntityManagerFactoryBean.buildNativeEntityManagerFactory(AbstractEntityManagerFactoryBean.java:416)
	at org.springframework.orm.jpa.AbstractEntityManagerFactoryBean.afterPropertiesSet(AbstractEntityManagerFactoryBean.java:396)
	at org.springframework.orm.jpa.LocalContainerEntityManagerFactoryBean.afterPropertiesSet(LocalContainerEntityManagerFactoryBean.java:409)
	at org.springframework.beans.factory.support.AbstractAutowireCapableBeanFactory.invokeInitMethods(AbstractAutowireCapableBeanFactory.java:1864)
	at org.springframework.beans.factory.support.AbstractAutowireCapableBeanFactory.initializeBean(AbstractAutowireCapableBeanFactory.java:1813)
	at org.springframework.beans.factory.support.AbstractAutowireCapableBeanFactory.doCreateBean(AbstractAutowireCapableBeanFactory.java:603)
	at org.springframework.beans.factory.support.AbstractAutowireCapableBeanFactory.createBean(AbstractAutowireCapableBeanFactory.java:525)
	at org.springframework.beans.factory.support.AbstractBeanFactory.lambda$doGetBean$0(AbstractBeanFactory.java:333)
	at org.springframework.beans.factory.support.DefaultSingletonBeanRegistry.getSingleton(DefaultSingletonBeanRegistry.java:371)
	at org.springframework.beans.factory.support.AbstractBeanFactory.doGetBean(AbstractBeanFactory.java:331)
	at org.springframework.beans.factory.support.AbstractBeanFactory.getBean(AbstractBeanFactory.java:201)
	at org.springframework.context.support.AbstractApplicationContext.finishBeanFactoryInitialization(AbstractApplicationContext.java:966)
	at org.springframework.context.support.AbstractApplicationContext.refresh(AbstractApplicationContext.java:620)
	at org.springframework.boot.web.server.servlet.context.ServletWebServerApplicationContext.refresh(ServletWebServerApplicationContext.java:143)
	at org.springframework.boot.SpringApplication.refresh(SpringApplication.java:765)
	at org.springframework.boot.SpringApplication.refreshContext(SpringApplication.java:454)
	at org.springframework.boot.SpringApplication.run(SpringApplication.java:321)
	at org.springframework.boot.SpringApplication.run(SpringApplication.java:1374)
	at org.springframework.boot.SpringApplication.run(SpringApplication.java:1363)
	at com.tcs.boot.FirstRestApplication.main(FirstRestApplication.java:22)
	at java.base/jdk.internal.reflect.NativeMethodAccessorImpl.invoke0(Native Method)
	at java.base/jdk.internal.reflect.NativeMethodAccessorImpl.invoke(NativeMethodAccessorImpl.java:77)
	at java.base/jdk.internal.reflect.DelegatingMethodAccessorImpl.invoke(DelegatingMethodAccessorImpl.java:43)
	at java.base/java.lang.reflect.Method.invoke(Method.java:569)
	at org.springframework.boot.devtools.restart.RestartLauncher.run(RestartLauncher.java:52)
Caused by: java.sql.SQLException: Access denied for user '${env_username}'@'localhost' (using password: YES)
	at com.mysql.cj.jdbc.exceptions.SQLError.createSQLException(SQLError.java:121)
	at com.mysql.cj.jdbc.exceptions.SQLExceptionsMapping.translateException(SQLExceptionsMapping.java:114)
	at com.mysql.cj.jdbc.ConnectionImpl.createNewIO(ConnectionImpl.java:840)
	at com.mysql.cj.jdbc.ConnectionImpl.<init>(ConnectionImpl.java:416)
	at com.mysql.cj.jdbc.ConnectionImpl.getInstance(ConnectionImpl.java:237)
	at com.mysql.cj.jdbc.NonRegisteringDriver.connect(NonRegisteringDriver.java:180)
	at com.zaxxer.hikari.util.DriverDataSource.getConnection(DriverDataSource.java:144)
	at com.zaxxer.hikari.pool.PoolBase.newConnection(PoolBase.java:373)
	at com.zaxxer.hikari.pool.PoolBase.newPoolEntry(PoolBase.java:210)
	at com.zaxxer.hikari.pool.HikariPool.createPoolEntry(HikariPool.java:488)
	at com.zaxxer.hikari.pool.HikariPool.checkFailFast(HikariPool.java:576)
	at com.zaxxer.hikari.pool.HikariPool.<init>(HikariPool.java:97)
	at com.zaxxer.hikari.HikariDataSource.getConnection(HikariDataSource.java:111)
	at org.hibernate.engine.jdbc.connections.internal.DatasourceConnectionProviderImpl.getConnection(DatasourceConnectionProviderImpl.java:138)
	at org.hibernate.engine.jdbc.env.internal.JdbcEnvironmentInitiator$ConnectionProviderJdbcConnectionAccess.obtainConnection(JdbcEnvironmentInitiator.java:499)
	at org.hibernate.resource.transaction.backend.jdbc.internal.JdbcIsolationDelegate.delegateWork(JdbcIsolationDelegate.java:48)
	... 42 common frames omitted

2025-12-05 06:37:40 | ERROR | org.springframework.orm.jpa.LocalContainerEntityManagerFactoryBean | Failed to initialize JPA EntityManagerFactory: Unable to create requested service [org.hibernate.engine.jdbc.env.spi.JdbcEnvironment] due to: Unable to determine Dialect without JDBC metadata (please set 'jakarta.persistence.jdbc.url' for common cases or 'hibernate.dialect' when a custom Dialect implementation must be provided)
2025-12-05 06:37:40 | WARN  | org.springframework.boot.web.server.servlet.context.AnnotationConfigServletWebServerApplicationContext | Exception encountered during context initialization - cancelling refresh attempt: org.springframework.beans.factory.BeanCreationException: Error creating bean with name 'entityManagerFactory' defined in class path resource [org/springframework/boot/hibernate/autoconfigure/HibernateJpaConfiguration.class]: Unable to create requested service [org.hibernate.engine.jdbc.env.spi.JdbcEnvironment] due to: Unable to determine Dialect without JDBC metadata (please set 'jakarta.persistence.jdbc.url' for common cases or 'hibernate.dialect' when a custom Dialect implementation must be provided)
2025-12-05 06:37:40 | INFO  | org.apache.catalina.core.StandardService | Stopping service [Tomcat]
2025-12-05 06:37:40 | INFO  | org.springframework.boot.autoconfigure.logging.ConditionEvaluationReportLogger | 

Error starting ApplicationContext. To display the condition evaluation report re-run your application with 'debug' enabled.
2025-12-05 06:37:40 | ERROR | org.springframework.boot.SpringApplication | Application run failedorg.springframework.beans.factory.BeanCreationException: Error creating bean with name 'entityManagerFactory' defined in class path resource [org/springframework/boot/hibernate/autoconfigure/HibernateJpaConfiguration.class]: Unable to create requested service [org.hibernate.engine.jdbc.env.spi.JdbcEnvironment] due to: Unable to determine Dialect without JDBC metadata (please set 'jakarta.persistence.jdbc.url' for common cases or 'hibernate.dialect' when a custom Dialect implementation must be provided)
	at org.springframework.beans.factory.support.AbstractAutowireCapableBeanFactory.initializeBean(AbstractAutowireCapableBeanFactory.java:1817)
	at org.springframework.beans.factory.support.AbstractAutowireCapableBeanFactory.doCreateBean(AbstractAutowireCapableBeanFactory.java:603)
	at org.springframework.beans.factory.support.AbstractAutowireCapableBeanFactory.createBean(AbstractAutowireCapableBeanFactory.java:525)
	at org.springframework.beans.factory.support.AbstractBeanFactory.lambda$doGetBean$0(AbstractBeanFactory.java:333)
	at org.springframework.beans.factory.support.DefaultSingletonBeanRegistry.getSingleton(DefaultSingletonBeanRegistry.java:371)
	at org.springframework.beans.factory.support.AbstractBeanFactory.doGetBean(AbstractBeanFactory.java:331)
	at org.springframework.beans.factory.support.AbstractBeanFactory.getBean(AbstractBeanFactory.java:201)
	at org.springframework.context.support.AbstractApplicationContext.finishBeanFactoryInitialization(AbstractApplicationContext.java:966)
	at org.springframework.context.support.AbstractApplicationContext.refresh(AbstractApplicationContext.java:620)
	at org.springframework.boot.web.server.servlet.context.ServletWebServerApplicationContext.refresh(ServletWebServerApplicationContext.java:143)
	at org.springframework.boot.SpringApplication.refresh(SpringApplication.java:765)
	at org.springframework.boot.SpringApplication.refreshContext(SpringApplication.java:454)
	at org.springframework.boot.SpringApplication.run(SpringApplication.java:321)
	at org.springframework.boot.SpringApplication.run(SpringApplication.java:1374)
	at org.springframework.boot.SpringApplication.run(SpringApplication.java:1363)
	at com.tcs.boot.FirstRestApplication.main(FirstRestApplication.java:22)
	at java.base/jdk.internal.reflect.NativeMethodAccessorImpl.invoke0(Native Method)
	at java.base/jdk.internal.reflect.NativeMethodAccessorImpl.invoke(NativeMethodAccessorImpl.java:77)
	at java.base/jdk.internal.reflect.DelegatingMethodAccessorImpl.invoke(DelegatingMethodAccessorImpl.java:43)
	at java.base/java.lang.reflect.Method.invoke(Method.java:569)
	at org.springframework.boot.devtools.restart.RestartLauncher.run(RestartLauncher.java:52)
Caused by: org.hibernate.service.spi.ServiceException: Unable to create requested service [org.hibernate.engine.jdbc.env.spi.JdbcEnvironment] due to: Unable to determine Dialect without JDBC metadata (please set 'jakarta.persistence.jdbc.url' for common cases or 'hibernate.dialect' when a custom Dialect implementation must be provided)
	at org.hibernate.service.internal.AbstractServiceRegistryImpl.createService(AbstractServiceRegistryImpl.java:275)
	at org.hibernate.service.internal.AbstractServiceRegistryImpl.initializeService(AbstractServiceRegistryImpl.java:237)
	at org.hibernate.service.internal.AbstractServiceRegistryImpl.getService(AbstractServiceRegistryImpl.java:214)
	at org.hibernate.boot.model.relational.Database.<init>(Database.java:44)
	at org.hibernate.boot.internal.InFlightMetadataCollectorImpl.getDatabase(InFlightMetadataCollectorImpl.java:255)
	at org.hibernate.boot.internal.InFlightMetadataCollectorImpl.<init>(InFlightMetadataCollectorImpl.java:207)
	at org.hibernate.boot.model.process.spi.MetadataBuildingProcess.complete(MetadataBuildingProcess.java:185)
	at org.hibernate.jpa.boot.internal.EntityManagerFactoryBuilderImpl.metadata(EntityManagerFactoryBuilderImpl.java:1395)
	at org.hibernate.jpa.boot.internal.EntityManagerFactoryBuilderImpl.populateSessionFactoryBuilder(EntityManagerFactoryBuilderImpl.java:1475)
	at org.hibernate.jpa.boot.internal.EntityManagerFactoryBuilderImpl.build(EntityManagerFactoryBuilderImpl.java:1457)
	at org.springframework.orm.jpa.vendor.SpringHibernateJpaPersistenceProvider.createContainerEntityManagerFactory(SpringHibernateJpaPersistenceProvider.java:66)
	at org.springframework.orm.jpa.LocalContainerEntityManagerFactoryBean.createNativeEntityManagerFactory(LocalContainerEntityManagerFactoryBean.java:433)
	at org.springframework.orm.jpa.AbstractEntityManagerFactoryBean.buildNativeEntityManagerFactory(AbstractEntityManagerFactoryBean.java:416)
	at org.springframework.orm.jpa.AbstractEntityManagerFactoryBean.afterPropertiesSet(AbstractEntityManagerFactoryBean.java:396)
	at org.springframework.orm.jpa.LocalContainerEntityManagerFactoryBean.afterPropertiesSet(LocalContainerEntityManagerFactoryBean.java:409)
	at org.springframework.beans.factory.support.AbstractAutowireCapableBeanFactory.invokeInitMethods(AbstractAutowireCapableBeanFactory.java:1864)
	at org.springframework.beans.factory.support.AbstractAutowireCapableBeanFactory.initializeBean(AbstractAutowireCapableBeanFactory.java:1813)
	... 20 common frames omitted
Caused by: org.hibernate.HibernateException: Unable to determine Dialect without JDBC metadata (please set 'jakarta.persistence.jdbc.url' for common cases or 'hibernate.dialect' when a custom Dialect implementation must be provided)
	at org.hibernate.engine.jdbc.dialect.internal.DialectFactoryImpl.determineDialect(DialectFactoryImpl.java:190)
	at org.hibernate.engine.jdbc.dialect.internal.DialectFactoryImpl.buildDialect(DialectFactoryImpl.java:86)
	at org.hibernate.engine.jdbc.env.internal.JdbcEnvironmentInitiator.getJdbcEnvironmentWithDefaults(JdbcEnvironmentInitiator.java:207)
	at org.hibernate.engine.jdbc.env.internal.JdbcEnvironmentInitiator.getJdbcEnvironmentUsingJdbcMetadata(JdbcEnvironmentInitiator.java:432)
	at org.hibernate.engine.jdbc.env.internal.JdbcEnvironmentInitiator.getJdbcEnvironment(JdbcEnvironmentInitiator.java:149)
	at org.hibernate.engine.jdbc.env.internal.JdbcEnvironmentInitiator.initiateService(JdbcEnvironmentInitiator.java:127)
	at org.hibernate.engine.jdbc.env.internal.JdbcEnvironmentInitiator.initiateService(JdbcEnvironmentInitiator.java:82)
	at org.hibernate.boot.registry.internal.StandardServiceRegistryImpl.initiateService(StandardServiceRegistryImpl.java:133)
	at org.hibernate.service.internal.AbstractServiceRegistryImpl.createService(AbstractServiceRegistryImpl.java:262)
	... 36 common frames omitted

2025-12-05 06:38:47 | INFO  | com.tcs.boot.FirstRestApplication | Starting FirstRestApplication using Java 17.0.13 with PID 765449 (/home/labuser/Documents/workspace-spring-tools-for-eclipse-4.32.1.RELEASE/first-rest-aop/target/classes started by labuser in /home/labuser/Documents/workspace-spring-tools-for-eclipse-4.32.1.RELEASE/first-rest-aop)
2025-12-05 06:38:47 | INFO  | com.tcs.boot.FirstRestApplication | The following 1 profile is active: "dev"
2025-12-05 06:38:47 | INFO  | org.springframework.boot.devtools.env.DevToolsPropertyDefaultsPostProcessor | Devtools property defaults active! Set 'spring.devtools.add-properties' to 'false' to disable
2025-12-05 06:38:47 | INFO  | org.springframework.boot.devtools.env.DevToolsPropertyDefaultsPostProcessor | For additional web related logging consider setting the 'logging.level.web' property to 'DEBUG'
2025-12-05 06:38:48 | INFO  | org.springframework.data.repository.config.RepositoryConfigurationDelegate | Bootstrapping Spring Data JPA repositories in DEFAULT mode.
2025-12-05 06:38:49 | INFO  | org.springframework.data.repository.config.RepositoryConfigurationDelegate | Finished Spring Data repository scanning in 94 ms. Found 1 JPA repository interface.
2025-12-05 06:38:49 | INFO  | org.springframework.boot.tomcat.TomcatWebServer | Tomcat initialized with port 8089 (http)
2025-12-05 06:38:49 | INFO  | org.apache.catalina.core.StandardService | Starting service [Tomcat]
2025-12-05 06:38:49 | INFO  | org.apache.catalina.core.StandardEngine | Starting Servlet engine: [Apache Tomcat/11.0.14]
2025-12-05 06:38:50 | INFO  | org.springframework.boot.web.context.servlet.WebApplicationContextInitializer | Root WebApplicationContext: initialization completed in 2230 ms
2025-12-05 06:38:50 | INFO  | org.hibernate.jpa.internal.util.LogHelper | HHH000204: Processing PersistenceUnitInfo [name: default]
2025-12-05 06:38:50 | INFO  | org.hibernate.Version | HHH000412: Hibernate ORM core version 7.1.8.Final
2025-12-05 06:38:50 | INFO  | org.springframework.orm.jpa.persistenceunit.SpringPersistenceUnitInfo | No LoadTimeWeaver setup: ignoring JPA class transformer
2025-12-05 06:38:50 | INFO  | com.zaxxer.hikari.HikariDataSource | HikariPool-1 - Starting...
2025-12-05 06:38:51 | INFO  | com.zaxxer.hikari.pool.HikariPool | HikariPool-1 - Added connection conn0: url=jdbc:h2:mem:testdb user=SA
2025-12-05 06:38:51 | INFO  | com.zaxxer.hikari.HikariDataSource | HikariPool-1 - Start completed.
2025-12-05 06:38:51 | INFO  | org.hibernate.orm.connections.pooling | HHH10001005: Database info:
	Database JDBC URL [jdbc:h2:mem:testdb]
	Database driver: H2 JDBC Driver
	Database dialect: H2Dialect
	Database version: 2.4.240
	Default catalog/schema: TESTDB/PUBLIC
	Autocommit mode: undefined/unknown
	Isolation level: READ_COMMITTED [default READ_COMMITTED]
	JDBC fetch size: 100
	Pool: DatasourceConnectionProviderImpl
	Minimum pool size: undefined/unknown
	Maximum pool size: undefined/unknown
2025-12-05 06:38:52 | INFO  | org.hibernate.engine.transaction.jta.platform.internal.JtaPlatformInitiator | HHH000489: No JTA platform available (set 'hibernate.transaction.jta.platform' to enable JTA platform integration)
2025-12-05 06:38:52 | INFO  | org.springframework.orm.jpa.LocalContainerEntityManagerFactoryBean | Initialized JPA EntityManagerFactory for persistence unit 'default'
2025-12-05 06:38:52 | INFO  | org.springframework.beans.factory.annotation.AutowiredAnnotationBeanPostProcessor | Autowired annotation is not supported on static fields: static java.lang.String com.tcs.boot.FirstRestApplication.tcs
2025-12-05 06:38:52 | INFO  | org.springframework.data.jpa.repository.query.QueryEnhancerFactories | Hibernate is in classpath; If applicable, HQL parser will be used.
2025-12-05 06:38:52 | WARN  | org.springframework.boot.jpa.autoconfigure.JpaBaseConfiguration$JpaWebConfiguration | spring.jpa.open-in-view is enabled by default. Therefore, database queries may be performed during view rendering. Explicitly configure spring.jpa.open-in-view to disable this warning
2025-12-05 06:38:53 | INFO  | org.springframework.boot.tomcat.TomcatWebServer | Tomcat started on port 8089 (http) with context path '/'
2025-12-05 06:38:53 | INFO  | com.tcs.boot.FirstRestApplication | Started FirstRestApplication in 6.334 seconds (process running for 7.482)
2025-12-05 06:39:19 | INFO  | org.springframework.boot.devtools.autoconfigure.LocalDevToolsAutoConfiguration$RestartingClassPathChangeChangedEventListener | Restarting due to 1 class path change (0 additions, 0 deletions, 1 modification)
2025-12-05 06:39:19 | INFO  | org.springframework.boot.tomcat.GracefulShutdown | Commencing graceful shutdown. Waiting for active requests to complete
2025-12-05 06:39:19 | INFO  | org.springframework.boot.tomcat.GracefulShutdown | Graceful shutdown complete
2025-12-05 06:39:19 | INFO  | org.springframework.orm.jpa.LocalContainerEntityManagerFactoryBean | Closing JPA EntityManagerFactory for persistence unit 'default'
2025-12-05 06:39:19 | WARN  | org.springframework.beans.factory.support.DisposableBeanAdapter | Invocation of destroy method failed on bean with name 'inMemoryDatabaseShutdownExecutor': org.h2.jdbc.JdbcSQLNonTransientConnectionException: Database is already closed (to disable automatic closing at VM shutdown, add ";DB_CLOSE_ON_EXIT=FALSE" to the db URL) [90121-240]
2025-12-05 06:39:19 | INFO  | com.zaxxer.hikari.HikariDataSource | HikariPool-1 - Shutdown initiated...
2025-12-05 06:39:19 | INFO  | com.zaxxer.hikari.HikariDataSource | HikariPool-1 - Shutdown completed.
2025-12-05 06:39:19 | INFO  | com.tcs.boot.FirstRestApplication | Starting FirstRestApplication using Java 17.0.13 with PID 765449 (/home/labuser/Documents/workspace-spring-tools-for-eclipse-4.32.1.RELEASE/first-rest-aop/target/classes started by labuser in /home/labuser/Documents/workspace-spring-tools-for-eclipse-4.32.1.RELEASE/first-rest-aop)
2025-12-05 06:39:19 | INFO  | com.tcs.boot.FirstRestApplication | The following 1 profile is active: "dev"
2025-12-05 06:39:20 | INFO  | org.springframework.data.repository.config.RepositoryConfigurationDelegate | Bootstrapping Spring Data JPA repositories in DEFAULT mode.
2025-12-05 06:39:20 | INFO  | org.springframework.data.repository.config.RepositoryConfigurationDelegate | Finished Spring Data repository scanning in 12 ms. Found 1 JPA repository interface.
2025-12-05 06:39:20 | INFO  | org.springframework.boot.tomcat.TomcatWebServer | Tomcat initialized with port 8089 (http)
2025-12-05 06:39:20 | INFO  | org.apache.catalina.core.StandardService | Starting service [Tomcat]
2025-12-05 06:39:20 | INFO  | org.apache.catalina.core.StandardEngine | Starting Servlet engine: [Apache Tomcat/11.0.14]
2025-12-05 06:39:20 | INFO  | org.springframework.boot.web.context.servlet.WebApplicationContextInitializer | Root WebApplicationContext: initialization completed in 481 ms
2025-12-05 06:39:20 | INFO  | org.hibernate.jpa.internal.util.LogHelper | HHH000204: Processing PersistenceUnitInfo [name: default]
2025-12-05 06:39:20 | INFO  | org.springframework.orm.jpa.persistenceunit.SpringPersistenceUnitInfo | No LoadTimeWeaver setup: ignoring JPA class transformer
2025-12-05 06:39:20 | INFO  | com.zaxxer.hikari.HikariDataSource | HikariPool-2 - Starting...
2025-12-05 06:39:20 | INFO  | com.zaxxer.hikari.pool.HikariPool | HikariPool-2 - Added connection conn10: url=jdbc:h2:mem:testdb user=SA
2025-12-05 06:39:20 | INFO  | com.zaxxer.hikari.HikariDataSource | HikariPool-2 - Start completed.
2025-12-05 06:39:20 | INFO  | org.hibernate.orm.connections.pooling | HHH10001005: Database info:
	Database JDBC URL [jdbc:h2:mem:testdb]
	Database driver: H2 JDBC Driver
	Database dialect: H2Dialect
	Database version: 2.4.240
	Default catalog/schema: TESTDB/PUBLIC
	Autocommit mode: undefined/unknown
	Isolation level: READ_COMMITTED [default READ_COMMITTED]
	JDBC fetch size: 100
	Pool: DatasourceConnectionProviderImpl
	Minimum pool size: undefined/unknown
	Maximum pool size: undefined/unknown
2025-12-05 06:39:20 | INFO  | org.hibernate.engine.transaction.jta.platform.internal.JtaPlatformInitiator | HHH000489: No JTA platform available (set 'hibernate.transaction.jta.platform' to enable JTA platform integration)
2025-12-05 06:39:20 | INFO  | org.springframework.orm.jpa.LocalContainerEntityManagerFactoryBean | Initialized JPA EntityManagerFactory for persistence unit 'default'
2025-12-05 06:39:20 | INFO  | org.springframework.beans.factory.annotation.AutowiredAnnotationBeanPostProcessor | Autowired annotation is not supported on static fields: static java.lang.String com.tcs.boot.FirstRestApplication.tcs
2025-12-05 06:39:20 | WARN  | org.springframework.boot.jpa.autoconfigure.JpaBaseConfiguration$JpaWebConfiguration | spring.jpa.open-in-view is enabled by default. Therefore, database queries may be performed during view rendering. Explicitly configure spring.jpa.open-in-view to disable this warning
2025-12-05 06:39:21 | INFO  | org.springframework.boot.tomcat.TomcatWebServer | Tomcat started on port 8089 (http) with context path '/'
2025-12-05 06:39:21 | INFO  | com.tcs.boot.FirstRestApplication | Started FirstRestApplication in 1.283 seconds (process running for 35.262)
2025-12-05 06:39:21 | INFO  | org.springframework.boot.devtools.autoconfigure.ConditionEvaluationDeltaLoggingListener | Condition evaluation unchanged
2025-12-05 06:42:55 | INFO  | org.springframework.boot.devtools.autoconfigure.LocalDevToolsAutoConfiguration$RestartingClassPathChangeChangedEventListener | Restarting due to 1 class path change (0 additions, 0 deletions, 1 modification)
2025-12-05 06:42:55 | INFO  | org.springframework.boot.tomcat.GracefulShutdown | Commencing graceful shutdown. Waiting for active requests to complete
2025-12-05 06:42:55 | INFO  | org.springframework.boot.tomcat.GracefulShutdown | Graceful shutdown complete
2025-12-05 06:42:55 | INFO  | org.springframework.orm.jpa.LocalContainerEntityManagerFactoryBean | Closing JPA EntityManagerFactory for persistence unit 'default'
2025-12-05 06:42:55 | WARN  | org.springframework.beans.factory.support.DisposableBeanAdapter | Invocation of destroy method failed on bean with name 'inMemoryDatabaseShutdownExecutor': org.h2.jdbc.JdbcSQLNonTransientConnectionException: Database is already closed (to disable automatic closing at VM shutdown, add ";DB_CLOSE_ON_EXIT=FALSE" to the db URL) [90121-240]
2025-12-05 06:42:55 | INFO  | com.zaxxer.hikari.HikariDataSource | HikariPool-2 - Shutdown initiated...
2025-12-05 06:42:55 | INFO  | com.zaxxer.hikari.HikariDataSource | HikariPool-2 - Shutdown completed.
2025-12-05 06:42:55 | INFO  | com.tcs.boot.FirstRestApplication | Starting FirstRestApplication using Java 17.0.13 with PID 765449 (/home/labuser/Documents/workspace-spring-tools-for-eclipse-4.32.1.RELEASE/first-rest-aop/target/classes started by labuser in /home/labuser/Documents/workspace-spring-tools-for-eclipse-4.32.1.RELEASE/first-rest-aop)
2025-12-05 06:42:55 | INFO  | com.tcs.boot.FirstRestApplication | The following 1 profile is active: "dev"
2025-12-05 06:42:56 | INFO  | org.springframework.data.repository.config.RepositoryConfigurationDelegate | Bootstrapping Spring Data JPA repositories in DEFAULT mode.
2025-12-05 06:42:56 | INFO  | org.springframework.data.repository.config.RepositoryConfigurationDelegate | Finished Spring Data repository scanning in 8 ms. Found 1 JPA repository interface.
2025-12-05 06:42:56 | INFO  | org.springframework.boot.tomcat.TomcatWebServer | Tomcat initialized with port 8089 (http)
2025-12-05 06:42:56 | INFO  | org.apache.catalina.core.StandardService | Starting service [Tomcat]
2025-12-05 06:42:56 | INFO  | org.apache.catalina.core.StandardEngine | Starting Servlet engine: [Apache Tomcat/11.0.14]
2025-12-05 06:42:56 | INFO  | org.springframework.boot.web.context.servlet.WebApplicationContextInitializer | Root WebApplicationContext: initialization completed in 866 ms
2025-12-05 06:42:56 | INFO  | org.hibernate.jpa.internal.util.LogHelper | HHH000204: Processing PersistenceUnitInfo [name: default]
2025-12-05 06:42:56 | INFO  | org.springframework.orm.jpa.persistenceunit.SpringPersistenceUnitInfo | No LoadTimeWeaver setup: ignoring JPA class transformer
2025-12-05 06:42:56 | INFO  | com.zaxxer.hikari.HikariDataSource | HikariPool-3 - Starting...
2025-12-05 06:42:56 | INFO  | com.zaxxer.hikari.pool.HikariPool | HikariPool-3 - Added connection conn20: url=jdbc:h2:mem:testdb user=SA
2025-12-05 06:42:56 | INFO  | com.zaxxer.hikari.HikariDataSource | HikariPool-3 - Start completed.
2025-12-05 06:42:56 | INFO  | org.hibernate.orm.connections.pooling | HHH10001005: Database info:
	Database JDBC URL [jdbc:h2:mem:testdb]
	Database driver: H2 JDBC Driver
	Database dialect: H2Dialect
	Database version: 2.4.240
	Default catalog/schema: TESTDB/PUBLIC
	Autocommit mode: undefined/unknown
	Isolation level: READ_COMMITTED [default READ_COMMITTED]
	JDBC fetch size: 100
	Pool: DatasourceConnectionProviderImpl
	Minimum pool size: undefined/unknown
	Maximum pool size: undefined/unknown
2025-12-05 06:42:56 | INFO  | org.hibernate.engine.transaction.jta.platform.internal.JtaPlatformInitiator | HHH000489: No JTA platform available (set 'hibernate.transaction.jta.platform' to enable JTA platform integration)
2025-12-05 06:42:56 | INFO  | org.springframework.orm.jpa.LocalContainerEntityManagerFactoryBean | Initialized JPA EntityManagerFactory for persistence unit 'default'
2025-12-05 06:42:57 | WARN  | org.springframework.boot.jpa.autoconfigure.JpaBaseConfiguration$JpaWebConfiguration | spring.jpa.open-in-view is enabled by default. Therefore, database queries may be performed during view rendering. Explicitly configure spring.jpa.open-in-view to disable this warning
2025-12-05 06:42:57 | INFO  | org.springframework.boot.tomcat.TomcatWebServer | Tomcat started on port 8089 (http) with context path '/'
2025-12-05 06:42:57 | INFO  | com.tcs.boot.FirstRestApplication | Started FirstRestApplication in 1.588 seconds (process running for 251.548)
2025-12-05 06:42:57 | INFO  | org.springframework.boot.devtools.autoconfigure.ConditionEvaluationDeltaLoggingListener | Condition evaluation unchanged
2025-12-05 06:48:58 | INFO  | org.springframework.boot.devtools.autoconfigure.LocalDevToolsAutoConfiguration$RestartingClassPathChangeChangedEventListener | Restarting due to 1 class path change (0 additions, 0 deletions, 1 modification)
2025-12-05 06:48:58 | INFO  | org.springframework.boot.tomcat.GracefulShutdown | Commencing graceful shutdown. Waiting for active requests to complete
2025-12-05 06:48:58 | INFO  | org.springframework.boot.tomcat.GracefulShutdown | Graceful shutdown complete
2025-12-05 06:48:58 | INFO  | org.springframework.orm.jpa.LocalContainerEntityManagerFactoryBean | Closing JPA EntityManagerFactory for persistence unit 'default'
2025-12-05 06:48:58 | WARN  | org.springframework.beans.factory.support.DisposableBeanAdapter | Invocation of destroy method failed on bean with name 'inMemoryDatabaseShutdownExecutor': org.h2.jdbc.JdbcSQLNonTransientConnectionException: Database is already closed (to disable automatic closing at VM shutdown, add ";DB_CLOSE_ON_EXIT=FALSE" to the db URL) [90121-240]
2025-12-05 06:48:58 | INFO  | com.zaxxer.hikari.HikariDataSource | HikariPool-3 - Shutdown initiated...
2025-12-05 06:48:58 | INFO  | com.zaxxer.hikari.HikariDataSource | HikariPool-3 - Shutdown completed.
2025-12-05 06:48:58 | INFO  | com.tcs.boot.FirstRestApplication | Starting FirstRestApplication using Java 17.0.13 with PID 765449 (/home/labuser/Documents/workspace-spring-tools-for-eclipse-4.32.1.RELEASE/first-rest-aop/target/classes started by labuser in /home/labuser/Documents/workspace-spring-tools-for-eclipse-4.32.1.RELEASE/first-rest-aop)
2025-12-05 06:48:58 | INFO  | com.tcs.boot.FirstRestApplication | The following 1 profile is active: "dev"
2025-12-05 06:48:58 | INFO  | org.springframework.data.repository.config.RepositoryConfigurationDelegate | Bootstrapping Spring Data JPA repositories in DEFAULT mode.
2025-12-05 06:48:58 | INFO  | org.springframework.data.repository.config.RepositoryConfigurationDelegate | Finished Spring Data repository scanning in 10 ms. Found 1 JPA repository interface.
2025-12-05 06:48:58 | INFO  | org.springframework.boot.tomcat.TomcatWebServer | Tomcat initialized with port 8089 (http)
2025-12-05 06:48:58 | INFO  | org.apache.catalina.core.StandardService | Starting service [Tomcat]
2025-12-05 06:48:58 | INFO  | org.apache.catalina.core.StandardEngine | Starting Servlet engine: [Apache Tomcat/11.0.14]
2025-12-05 06:48:58 | INFO  | org.springframework.boot.web.context.servlet.WebApplicationContextInitializer | Root WebApplicationContext: initialization completed in 437 ms
2025-12-05 06:48:58 | INFO  | org.hibernate.jpa.internal.util.LogHelper | HHH000204: Processing PersistenceUnitInfo [name: default]
2025-12-05 06:48:58 | INFO  | org.springframework.orm.jpa.persistenceunit.SpringPersistenceUnitInfo | No LoadTimeWeaver setup: ignoring JPA class transformer
2025-12-05 06:48:58 | INFO  | com.zaxxer.hikari.HikariDataSource | HikariPool-4 - Starting...
2025-12-05 06:48:58 | INFO  | com.zaxxer.hikari.pool.HikariPool | HikariPool-4 - Added connection conn30: url=jdbc:h2:mem:testdb user=SA
2025-12-05 06:48:58 | INFO  | com.zaxxer.hikari.HikariDataSource | HikariPool-4 - Start completed.
2025-12-05 06:48:58 | INFO  | org.hibernate.orm.connections.pooling | HHH10001005: Database info:
	Database JDBC URL [jdbc:h2:mem:testdb]
	Database driver: H2 JDBC Driver
	Database dialect: H2Dialect
	Database version: 2.4.240
	Default catalog/schema: TESTDB/PUBLIC
	Autocommit mode: undefined/unknown
	Isolation level: READ_COMMITTED [default READ_COMMITTED]
	JDBC fetch size: 100
	Pool: DatasourceConnectionProviderImpl
	Minimum pool size: undefined/unknown
	Maximum pool size: undefined/unknown
2025-12-05 06:48:58 | INFO  | org.hibernate.engine.transaction.jta.platform.internal.JtaPlatformInitiator | HHH000489: No JTA platform available (set 'hibernate.transaction.jta.platform' to enable JTA platform integration)
2025-12-05 06:48:59 | INFO  | org.springframework.orm.jpa.LocalContainerEntityManagerFactoryBean | Initialized JPA EntityManagerFactory for persistence unit 'default'
2025-12-05 06:48:59 | WARN  | org.springframework.boot.jpa.autoconfigure.JpaBaseConfiguration$JpaWebConfiguration | spring.jpa.open-in-view is enabled by default. Therefore, database queries may be performed during view rendering. Explicitly configure spring.jpa.open-in-view to disable this warning
2025-12-05 06:48:59 | INFO  | org.springframework.boot.tomcat.TomcatWebServer | Tomcat started on port 8089 (http) with context path '/'
2025-12-05 06:48:59 | INFO  | com.tcs.boot.FirstRestApplication | Started FirstRestApplication in 1.038 seconds (process running for 613.489)
2025-12-05 06:48:59 | INFO  | org.springframework.boot.devtools.autoconfigure.ConditionEvaluationDeltaLoggingListener | Condition evaluation unchanged
2025-12-05 06:49:04 | INFO  | org.springframework.boot.admin.SpringApplicationAdminMXBeanRegistrar$SpringApplicationAdmin | Application shutdown requested.
2025-12-05 06:49:04 | INFO  | org.springframework.boot.tomcat.GracefulShutdown | Commencing graceful shutdown. Waiting for active requests to complete
2025-12-05 06:49:04 | INFO  | org.springframework.boot.tomcat.GracefulShutdown | Graceful shutdown complete
2025-12-05 06:49:04 | INFO  | org.springframework.orm.jpa.LocalContainerEntityManagerFactoryBean | Closing JPA EntityManagerFactory for persistence unit 'default'
2025-12-05 06:49:04 | WARN  | org.springframework.beans.factory.support.DisposableBeanAdapter | Invocation of destroy method failed on bean with name 'inMemoryDatabaseShutdownExecutor': org.h2.jdbc.JdbcSQLNonTransientConnectionException: Database is already closed (to disable automatic closing at VM shutdown, add ";DB_CLOSE_ON_EXIT=FALSE" to the db URL) [90121-240]
2025-12-05 06:49:04 | INFO  | com.zaxxer.hikari.HikariDataSource | HikariPool-4 - Shutdown initiated...
2025-12-05 06:49:04 | INFO  | com.zaxxer.hikari.HikariDataSource | HikariPool-4 - Shutdown completed.
2025-12-05 06:49:08 | INFO  | com.tcs.boot.FirstRestApplication | Starting FirstRestApplication using Java 17.0.13 with PID 811289 (/home/labuser/Documents/workspace-spring-tools-for-eclipse-4.32.1.RELEASE/first-rest-aop/target/classes started by labuser in /home/labuser/Documents/workspace-spring-tools-for-eclipse-4.32.1.RELEASE/first-rest-aop)
2025-12-05 06:49:08 | INFO  | com.tcs.boot.FirstRestApplication | The following 1 profile is active: "dev"
2025-12-05 06:49:08 | INFO  | org.springframework.boot.devtools.env.DevToolsPropertyDefaultsPostProcessor | Devtools property defaults active! Set 'spring.devtools.add-properties' to 'false' to disable
2025-12-05 06:49:08 | INFO  | org.springframework.boot.devtools.env.DevToolsPropertyDefaultsPostProcessor | For additional web related logging consider setting the 'logging.level.web' property to 'DEBUG'
2025-12-05 06:49:09 | INFO  | org.springframework.data.repository.config.RepositoryConfigurationDelegate | Bootstrapping Spring Data JPA repositories in DEFAULT mode.
2025-12-05 06:49:09 | INFO  | org.springframework.data.repository.config.RepositoryConfigurationDelegate | Finished Spring Data repository scanning in 114 ms. Found 1 JPA repository interface.
2025-12-05 06:49:10 | INFO  | org.springframework.boot.tomcat.TomcatWebServer | Tomcat initialized with port 8089 (http)
2025-12-05 06:49:10 | INFO  | org.apache.catalina.core.StandardService | Starting service [Tomcat]
2025-12-05 06:49:10 | INFO  | org.apache.catalina.core.StandardEngine | Starting Servlet engine: [Apache Tomcat/11.0.14]
2025-12-05 06:49:10 | INFO  | org.springframework.boot.web.context.servlet.WebApplicationContextInitializer | Root WebApplicationContext: initialization completed in 2264 ms
2025-12-05 06:49:10 | INFO  | org.hibernate.jpa.internal.util.LogHelper | HHH000204: Processing PersistenceUnitInfo [name: default]
2025-12-05 06:49:10 | INFO  | org.hibernate.Version | HHH000412: Hibernate ORM core version 7.1.8.Final
2025-12-05 06:49:11 | INFO  | org.springframework.orm.jpa.persistenceunit.SpringPersistenceUnitInfo | No LoadTimeWeaver setup: ignoring JPA class transformer
2025-12-05 06:49:11 | INFO  | com.zaxxer.hikari.HikariDataSource | HikariPool-1 - Starting...
2025-12-05 06:49:11 | INFO  | com.zaxxer.hikari.pool.HikariPool | HikariPool-1 - Added connection conn0: url=jdbc:h2:mem:testdb user=SA
2025-12-05 06:49:11 | INFO  | com.zaxxer.hikari.HikariDataSource | HikariPool-1 - Start completed.
2025-12-05 06:49:11 | INFO  | org.hibernate.orm.connections.pooling | HHH10001005: Database info:
	Database JDBC URL [jdbc:h2:mem:testdb]
	Database driver: H2 JDBC Driver
	Database dialect: H2Dialect
	Database version: 2.4.240
	Default catalog/schema: TESTDB/PUBLIC
	Autocommit mode: undefined/unknown
	Isolation level: READ_COMMITTED [default READ_COMMITTED]
	JDBC fetch size: 100
	Pool: DatasourceConnectionProviderImpl
	Minimum pool size: undefined/unknown
	Maximum pool size: undefined/unknown
2025-12-05 06:49:12 | INFO  | org.hibernate.engine.transaction.jta.platform.internal.JtaPlatformInitiator | HHH000489: No JTA platform available (set 'hibernate.transaction.jta.platform' to enable JTA platform integration)
2025-12-05 06:49:12 | INFO  | org.springframework.orm.jpa.LocalContainerEntityManagerFactoryBean | Initialized JPA EntityManagerFactory for persistence unit 'default'
2025-12-05 06:49:13 | INFO  | org.springframework.data.jpa.repository.query.QueryEnhancerFactories | Hibernate is in classpath; If applicable, HQL parser will be used.
2025-12-05 06:49:13 | WARN  | org.springframework.boot.jpa.autoconfigure.JpaBaseConfiguration$JpaWebConfiguration | spring.jpa.open-in-view is enabled by default. Therefore, database queries may be performed during view rendering. Explicitly configure spring.jpa.open-in-view to disable this warning
2025-12-05 06:49:13 | INFO  | org.springframework.boot.tomcat.TomcatWebServer | Tomcat started on port 8089 (http) with context path '/'
2025-12-05 06:49:13 | INFO  | com.tcs.boot.FirstRestApplication | Started FirstRestApplication in 6.406 seconds (process running for 7.46)
2025-12-05 06:49:29 | INFO  | org.springframework.boot.devtools.autoconfigure.LocalDevToolsAutoConfiguration$RestartingClassPathChangeChangedEventListener | Restarting due to 1 class path change (0 additions, 0 deletions, 1 modification)
2025-12-05 06:49:29 | INFO  | org.springframework.boot.tomcat.GracefulShutdown | Commencing graceful shutdown. Waiting for active requests to complete
2025-12-05 06:49:29 | INFO  | org.springframework.boot.tomcat.GracefulShutdown | Graceful shutdown complete
2025-12-05 06:49:29 | INFO  | org.springframework.orm.jpa.LocalContainerEntityManagerFactoryBean | Closing JPA EntityManagerFactory for persistence unit 'default'
2025-12-05 06:49:29 | WARN  | org.springframework.beans.factory.support.DisposableBeanAdapter | Invocation of destroy method failed on bean with name 'inMemoryDatabaseShutdownExecutor': org.h2.jdbc.JdbcSQLNonTransientConnectionException: Database is already closed (to disable automatic closing at VM shutdown, add ";DB_CLOSE_ON_EXIT=FALSE" to the db URL) [90121-240]
2025-12-05 06:49:29 | INFO  | com.zaxxer.hikari.HikariDataSource | HikariPool-1 - Shutdown initiated...
2025-12-05 06:49:29 | INFO  | com.zaxxer.hikari.HikariDataSource | HikariPool-1 - Shutdown completed.
2025-12-05 06:49:29 | INFO  | com.tcs.boot.FirstRestApplication | Starting FirstRestApplication using Java 17.0.13 with PID 811289 (/home/labuser/Documents/workspace-spring-tools-for-eclipse-4.32.1.RELEASE/first-rest-aop/target/classes started by labuser in /home/labuser/Documents/workspace-spring-tools-for-eclipse-4.32.1.RELEASE/first-rest-aop)
2025-12-05 06:49:29 | INFO  | com.tcs.boot.FirstRestApplication | The following 1 profile is active: "dev"
2025-12-05 06:49:29 | INFO  | org.springframework.data.repository.config.RepositoryConfigurationDelegate | Bootstrapping Spring Data JPA repositories in DEFAULT mode.
2025-12-05 06:49:29 | INFO  | org.springframework.data.repository.config.RepositoryConfigurationDelegate | Finished Spring Data repository scanning in 10 ms. Found 1 JPA repository interface.
2025-12-05 06:49:29 | INFO  | org.springframework.boot.tomcat.TomcatWebServer | Tomcat initialized with port 8089 (http)
2025-12-05 06:49:29 | INFO  | org.apache.catalina.core.StandardService | Starting service [Tomcat]
2025-12-05 06:49:29 | INFO  | org.apache.catalina.core.StandardEngine | Starting Servlet engine: [Apache Tomcat/11.0.14]
2025-12-05 06:49:29 | INFO  | org.springframework.boot.web.context.servlet.WebApplicationContextInitializer | Root WebApplicationContext: initialization completed in 408 ms
2025-12-05 06:49:29 | INFO  | org.hibernate.jpa.internal.util.LogHelper | HHH000204: Processing PersistenceUnitInfo [name: default]
2025-12-05 06:49:29 | INFO  | org.springframework.orm.jpa.persistenceunit.SpringPersistenceUnitInfo | No LoadTimeWeaver setup: ignoring JPA class transformer
2025-12-05 06:49:29 | INFO  | com.zaxxer.hikari.HikariDataSource | HikariPool-2 - Starting...
2025-12-05 06:49:29 | INFO  | com.zaxxer.hikari.pool.HikariPool | HikariPool-2 - Added connection conn10: url=jdbc:h2:mem:testdb user=SA
2025-12-05 06:49:29 | INFO  | com.zaxxer.hikari.HikariDataSource | HikariPool-2 - Start completed.
2025-12-05 06:49:29 | INFO  | org.hibernate.orm.connections.pooling | HHH10001005: Database info:
	Database JDBC URL [jdbc:h2:mem:testdb]
	Database driver: H2 JDBC Driver
	Database dialect: H2Dialect
	Database version: 2.4.240
	Default catalog/schema: TESTDB/PUBLIC
	Autocommit mode: undefined/unknown
	Isolation level: READ_COMMITTED [default READ_COMMITTED]
	JDBC fetch size: 100
	Pool: DatasourceConnectionProviderImpl
	Minimum pool size: undefined/unknown
	Maximum pool size: undefined/unknown
2025-12-05 06:49:29 | INFO  | org.hibernate.engine.transaction.jta.platform.internal.JtaPlatformInitiator | HHH000489: No JTA platform available (set 'hibernate.transaction.jta.platform' to enable JTA platform integration)
2025-12-05 06:49:29 | INFO  | org.springframework.orm.jpa.LocalContainerEntityManagerFactoryBean | Initialized JPA EntityManagerFactory for persistence unit 'default'
2025-12-05 06:49:29 | WARN  | org.springframework.boot.jpa.autoconfigure.JpaBaseConfiguration$JpaWebConfiguration | spring.jpa.open-in-view is enabled by default. Therefore, database queries may be performed during view rendering. Explicitly configure spring.jpa.open-in-view to disable this warning
2025-12-05 06:49:30 | INFO  | org.springframework.boot.tomcat.TomcatWebServer | Tomcat started on port 8089 (http) with context path '/'
2025-12-05 06:49:30 | INFO  | com.tcs.boot.FirstRestApplication | Started FirstRestApplication in 0.955 seconds (process running for 23.869)
2025-12-05 06:49:30 | INFO  | org.springframework.boot.devtools.autoconfigure.ConditionEvaluationDeltaLoggingListener | Condition evaluation unchanged
2025-12-05 07:33:15 | INFO  | org.springframework.boot.tomcat.GracefulShutdown | Commencing graceful shutdown. Waiting for active requests to complete
2025-12-05 07:33:15 | INFO  | org.springframework.boot.tomcat.GracefulShutdown | Graceful shutdown complete
2025-12-05 07:33:15 | INFO  | org.springframework.orm.jpa.LocalContainerEntityManagerFactoryBean | Closing JPA EntityManagerFactory for persistence unit 'default'
2025-12-05 07:33:15 | WARN  | org.springframework.beans.factory.support.DisposableBeanAdapter | Invocation of destroy method failed on bean with name 'inMemoryDatabaseShutdownExecutor': org.h2.jdbc.JdbcSQLNonTransientConnectionException: Database is already closed (to disable automatic closing at VM shutdown, add ";DB_CLOSE_ON_EXIT=FALSE" to the db URL) [90121-240]
2025-12-05 07:33:15 | INFO  | com.zaxxer.hikari.HikariDataSource | HikariPool-2 - Shutdown initiated...
2025-12-05 07:33:15 | INFO  | com.zaxxer.hikari.HikariDataSource | HikariPool-2 - Shutdown completed.